score,itemset_length,frequency,itemset
297,11,27,"['start_exp', 'GL1_5', 'GL1_5', 'GL1_5', 'GL1_5', 'GL1_5', 'GL1_5', 'GL1_5', 'GL1_5', 'GL1_5', 'end_exp']"
297,11,27,"['start_exp', 'GL1_5', 'GL1_5', 'GL1_5', 'GL1_5', 'GL1_5', 'GL1_5', 'GL1_5', 'GL1_5', 'start_exp', 'GL1_4']"
297,11,27,"['start_exp', 'GL1_5', 'GL1_5', 'GL1_5', 'GL1_5', 'GL1_5', 'GL1_5', 'GL1_5', 'GL1_5', 'start_exp', 'GL1_5']"
297,11,27,"['start_exp', 'GL1_5', 'GL1_5', 'GL1_5', 'GL1_5', 'start_exp', 'GL1_5', 'GL1_5', 'start_exp', 'GL1_4', 'GL1_5']"
297,11,27,"['start_exp', 'GL1_5', 'GL1_5', 'GL1_5', 'GL1_5', 'start_exp', 'GL1_5', 'GL1_5', 'start_exp', 'GL1_5', 'end_exp']"
297,11,27,"['start_exp', 'GL1_5', 'GL1_5', 'GL1_5', 'start_exp', 'GL1_5', 'GL1_5', 'GL1_5', 'start_exp', 'GL1_4', 'GL1_5']"
297,11,27,"['start_exp', 'GL1_5', 'GL1_5', 'start_exp', 'GL1_5', 'GL1_5', 'start_exp', 'GL1_5', 'GL1_5', 'GL1_5', 'end_exp']"
280,10,28,"['GL1_5', 'GL1_5', 'GL1_5', 'GL1_5', 'start_exp', 'GL1_5', 'GL1_5', 'start_exp', 'GL1_5', 'end_exp']"
280,10,28,"['start_exp', 'GL1_5', 'GL1_5', 'GL1_5', 'GL1_5', 'start_exp', 'GL1_5', 'GL1_5', 'GL1_5', 'end_exp']"
280,10,28,"['start_exp', 'GL1_5', 'GL1_5', 'GL1_5', 'GL1_5', 'start_exp', 'GL1_5', 'GL1_5', 'start_exp', 'GL1_4']"
280,10,28,"['start_exp', 'GL1_5', 'GL1_5', 'GL1_5', 'GL1_5', 'start_exp', 'GL1_5', 'GL1_5', 'start_exp', 'GL1_5']"
280,10,28,"['start_exp', 'GL1_5', 'GL1_5', 'GL1_5', 'start_exp', 'GL1_5', 'GL1_5', 'GL1_5', 'GL1_5', 'end_exp']"
280,10,28,"['start_exp', 'GL1_5', 'GL1_5', 'GL1_5', 'start_exp', 'GL1_5', 'GL1_5', 'GL1_5', 'start_exp', 'GL1_4']"
280,10,28,"['start_exp', 'GL1_5', 'GL1_5', 'GL1_5', 'start_exp', 'GL1_5', 'GL1_5', 'GL1_5', 'start_exp', 'GL1_5']"
280,10,28,"['start_exp', 'GL1_5', 'GL1_5', 'start_exp', 'GL1_5', 'start_exp', 'GL1_5', 'GL1_5', 'GL1_5', 'end_exp']"
280,10,28,"['start_exp', 'GL1_5', 'start_exp', 'GL1_5', 'GL1_5', 'GL1_5', 'GL1_5', 'GL1_5', 'start_exp', 'GL1_5']"
280,10,28,"['start_exp', 'GL1_5', 'start_exp', 'GL1_5', 'GL1_5', 'start_exp', 'GL1_5', 'GL1_5', 'GL1_5', 'end_exp']"
280,10,28,"['start_exp', 'GL1_5', 'start_exp', 'GL1_5', 'GL1_5', 'start_exp', 'GL1_5', 'GL1_5', 'start_exp', 'GL1_5']"
270,10,27,"['GL1_5', 'GL1_5', 'GL1_5', 'GL1_5', 'start_exp', 'GL1_5', 'GL1_5', 'start_exp', 'GL1_4', 'GL1_5']"
270,10,27,"['GL1_5', 'GL1_5', 'GL1_5', 'GL1_5', 'start_exp', 'GL1_5', 'GL1_5', 'start_exp', 'GL1_4', 'end_exp']"
270,10,27,"['GL1_5', 'GL1_5', 'GL1_5', 'start_exp', 'GL1_5', 'GL1_5', 'GL1_5', 'start_exp', 'GL1_4', 'GL1_5']"
270,10,27,"['GL1_5', 'GL1_5', 'GL1_5', 'start_exp', 'GL1_5', 'GL1_5', 'GL1_5', 'start_exp', 'GL1_4', 'end_exp']"
270,10,27,"['GL1_5', 'GL1_5', 'GL1_5', 'start_exp', 'GL1_5', 'GL1_5', 'GL1_5', 'start_exp', 'GL1_5', 'end_exp']"
270,10,27,"['GL1_5', 'GL1_5', 'start_exp', 'GL1_5', 'GL1_5', 'start_exp', 'GL1_5', 'GL1_5', 'GL1_5', 'end_exp']"
270,10,27,"['GL1_5', 'start_exp', 'GL1_5', 'GL1_5', 'GL1_5', 'start_exp', 'GL1_5', 'GL1_5', 'GL1_5', 'end_exp']"
270,10,27,"['GL1_5', 'start_exp', 'GL1_5', 'GL1_5', 'GL1_5', 'start_exp', 'GL1_5', 'GL1_5', 'start_exp', 'GL1_5']"
270,10,27,"['GL1_5', 'start_exp', 'GL1_5', 'GL1_5', 'start_exp', 'GL1_5', 'GL1_5', 'start_exp', 'GL1_5', 'end_exp']"
270,10,27,"['start_exp', 'GL1_5', 'GL1_5', 'GL1_5', 'GL1_5', 'GL1_5', 'GL1_5', 'GL1_5', 'GL1_5', 'GL1_4']"
270,10,27,"['start_exp', 'GL1_5', 'GL1_5', 'GL1_5', 'GL1_5', 'GL1_5', 'GL1_5', 'GL1_5', 'GL1_5', 'GL1_5']"
270,10,27,"['start_exp', 'GL1_5', 'GL1_5', 'GL1_5', 'GL1_5', 'GL1_5', 'GL1_5', 'GL1_5', 'GL1_5', 'end_exp']"
270,10,27,"['start_exp', 'GL1_5', 'GL1_5', 'GL1_5', 'GL1_5', 'GL1_5', 'GL1_5', 'GL1_5', 'GL1_5', 'start_exp']"
270,10,27,"['start_exp', 'GL1_5', 'GL1_5', 'GL1_5', 'GL1_5', 'GL1_5', 'GL1_5', 'GL1_5', 'start_exp', 'GL1_4']"
270,10,27,"['start_exp', 'GL1_5', 'GL1_5', 'GL1_5', 'GL1_5', 'GL1_5', 'GL1_5', 'GL1_5', 'start_exp', 'GL1_5']"
270,10,27,"['start_exp', 'GL1_5', 'GL1_5', 'GL1_5', 'GL1_5', 'GL1_5', 'GL1_5', 'start_exp', 'GL1_4', 'GL1_5']"
270,10,27,"['start_exp', 'GL1_5', 'GL1_5', 'GL1_5', 'GL1_5', 'GL1_5', 'GL1_5', 'start_exp', 'GL1_5', 'GL1_4']"
270,10,27,"['start_exp', 'GL1_5', 'GL1_5', 'GL1_5', 'GL1_5', 'GL1_5', 'GL1_5', 'start_exp', 'GL1_5', 'GL1_5']"
270,10,27,"['start_exp', 'GL1_5', 'GL1_5', 'GL1_5', 'GL1_5', 'GL1_5', 'GL1_5', 'start_exp', 'GL1_5', 'end_exp']"
270,10,27,"['start_exp', 'GL1_5', 'GL1_5', 'GL1_5', 'GL1_5', 'GL1_5', 'start_exp', 'GL1_5', 'GL1_5', 'GL1_4']"
270,10,27,"['start_exp', 'GL1_5', 'GL1_5', 'GL1_5', 'GL1_5', 'GL1_5', 'start_exp', 'GL1_5', 'GL1_5', 'GL1_5']"
270,10,27,"['start_exp', 'GL1_5', 'GL1_5', 'GL1_5', 'GL1_5', 'start_exp', 'GL1_5', 'GL1_5', 'GL1_4', 'GL1_5']"
270,10,27,"['start_exp', 'GL1_5', 'GL1_5', 'GL1_5', 'GL1_5', 'start_exp', 'GL1_5', 'GL1_5', 'GL1_4', 'end_exp']"
270,10,27,"['start_exp', 'GL1_5', 'GL1_5', 'GL1_5', 'GL1_5', 'start_exp', 'GL1_5', 'GL1_5', 'start_exp', 'end_exp']"
270,10,27,"['start_exp', 'GL1_5', 'GL1_5', 'GL1_5', 'GL1_5', 'start_exp', 'GL1_5', 'start_exp', 'GL1_4', 'GL1_5']"
270,10,27,"['start_exp', 'GL1_5', 'GL1_5', 'GL1_5', 'GL1_5', 'start_exp', 'GL1_5', 'start_exp', 'GL1_5', 'end_exp']"
270,10,27,"['start_exp', 'GL1_5', 'GL1_5', 'GL1_5', 'start_exp', 'GL1_5', 'GL1_5', 'GL1_5', 'GL1_4', 'GL1_5']"
270,10,27,"['start_exp', 'GL1_5', 'GL1_5', 'GL1_5', 'start_exp', 'GL1_5', 'GL1_5', 'GL1_5', 'GL1_4', 'end_exp']"
270,10,27,"['start_exp', 'GL1_5', 'GL1_5', 'GL1_5', 'start_exp', 'GL1_5', 'GL1_5', 'start_exp', 'GL1_4', 'GL1_5']"
270,10,27,"['start_exp', 'GL1_5', 'GL1_5', 'GL1_5', 'start_exp', 'GL1_5', 'GL1_5', 'start_exp', 'GL1_5', 'end_exp']"
270,10,27,"['start_exp', 'GL1_5', 'GL1_5', 'start_exp', 'GL1_5', 'GL1_5', 'GL1_5', 'GL1_5', 'GL1_5', 'GL1_5']"
270,10,27,"['start_exp', 'GL1_5', 'GL1_5', 'start_exp', 'GL1_5', 'GL1_5', 'GL1_5', 'GL1_5', 'GL1_5', 'end_exp']"
270,10,27,"['start_exp', 'GL1_5', 'GL1_5', 'start_exp', 'GL1_5', 'GL1_5', 'GL1_5', 'GL1_5', 'GL1_5', 'start_exp']"
270,10,27,"['start_exp', 'GL1_5', 'GL1_5', 'start_exp', 'GL1_5', 'GL1_5', 'GL1_5', 'GL1_5', 'start_exp', 'GL1_4']"
270,10,27,"['start_exp', 'GL1_5', 'GL1_5', 'start_exp', 'GL1_5', 'GL1_5', 'GL1_5', 'start_exp', 'GL1_4', 'GL1_5']"
270,10,27,"['start_exp', 'GL1_5', 'GL1_5', 'start_exp', 'GL1_5', 'GL1_5', 'start_exp', 'GL1_5', 'GL1_5', 'GL1_5']"
270,10,27,"['start_exp', 'GL1_5', 'GL1_5', 'start_exp', 'GL1_5', 'GL1_5', 'start_exp', 'GL1_5', 'GL1_5', 'end_exp']"
270,10,27,"['start_exp', 'GL1_5', 'GL1_5', 'start_exp', 'GL1_5', 'GL1_5', 'start_exp', 'GL1_5', 'GL1_5', 'start_exp']"
270,10,27,"['start_exp', 'GL1_5', 'GL1_5', 'start_exp', 'GL1_5', 'start_exp', 'GL1_5', 'GL1_5', 'start_exp', 'GL1_5']"
270,10,27,"['start_exp', 'GL1_5', 'start_exp', 'GL1_5', 'GL1_5', 'GL1_5', 'GL1_5', 'GL1_5', 'GL1_5', 'end_exp']"
270,10,27,"['start_exp', 'GL1_5', 'start_exp', 'GL1_5', 'GL1_5', 'GL1_5', 'GL1_5', 'GL1_5', 'start_exp', 'GL1_4']"
270,10,27,"['start_exp', 'GL1_5', 'start_exp', 'GL1_5', 'GL1_5', 'GL1_5', 'GL1_5', 'start_exp', 'GL1_4', 'GL1_5']"
270,10,27,"['start_exp', 'GL1_5', 'start_exp', 'GL1_5', 'GL1_5', 'GL1_5', 'start_exp', 'GL1_5', 'GL1_5', 'GL1_5']"
270,10,27,"['start_exp', 'GL1_5', 'start_exp', 'GL1_5', 'start_exp', 'GL1_5', 'GL1_5', 'GL1_5', 'start_exp', 'GL1_5']"
252,9,28,"['GL1_5', 'GL1_5', 'GL1_5', 'GL1_5', 'GL1_5', 'GL1_5', 'start_exp', 'GL1_5', 'end_exp']"
252,9,28,"['GL1_5', 'GL1_5', 'GL1_5', 'GL1_5', 'start_exp', 'GL1_5', 'GL1_5', 'GL1_5', 'end_exp']"
252,9,28,"['GL1_5', 'GL1_5', 'GL1_5', 'GL1_5', 'start_exp', 'GL1_5', 'GL1_5', 'start_exp', 'GL1_4']"
252,9,28,"['GL1_5', 'GL1_5', 'GL1_5', 'GL1_5', 'start_exp', 'GL1_5', 'GL1_5', 'start_exp', 'GL1_5']"
252,9,28,"['GL1_5', 'GL1_5', 'GL1_5', 'GL1_5', 'start_exp', 'GL1_5', 'GL1_5', 'start_exp', 'end_exp']"
252,9,28,"['GL1_5', 'GL1_5', 'GL1_5', 'GL1_5', 'start_exp', 'GL1_5', 'start_exp', 'GL1_5', 'end_exp']"
252,9,28,"['GL1_5', 'GL1_5', 'GL1_5', 'start_exp', 'GL1_5', 'GL1_5', 'GL1_5', 'GL1_5', 'end_exp']"
252,9,28,"['GL1_5', 'GL1_5', 'GL1_5', 'start_exp', 'GL1_5', 'GL1_5', 'GL1_5', 'start_exp', 'GL1_4']"
252,9,28,"['GL1_5', 'GL1_5', 'GL1_5', 'start_exp', 'GL1_5', 'GL1_5', 'GL1_5', 'start_exp', 'GL1_5']"
252,9,28,"['GL1_5', 'GL1_5', 'GL1_5', 'start_exp', 'GL1_5', 'GL1_5', 'start_exp', 'GL1_5', 'end_exp']"
252,9,28,"['GL1_5', 'GL1_5', 'start_exp', 'GL1_5', 'start_exp', 'GL1_5', 'GL1_5', 'GL1_5', 'end_exp']"
252,9,28,"['GL1_5', 'start_exp', 'GL1_5', 'GL1_5', 'GL1_5', 'GL1_5', 'GL1_5', 'start_exp', 'GL1_5']"
252,9,28,"['GL1_5', 'start_exp', 'GL1_5', 'GL1_5', 'start_exp', 'GL1_5', 'GL1_5', 'GL1_5', 'end_exp']"
252,9,28,"['GL1_5', 'start_exp', 'GL1_5', 'GL1_5', 'start_exp', 'GL1_5', 'GL1_5', 'start_exp', 'GL1_5']"
252,9,28,"['start_exp', 'GL1_5', 'GL1_5', 'GL1_5', 'GL1_5', 'GL1_5', 'GL1_5', 'GL1_5', 'end_exp']"
252,9,28,"['start_exp', 'GL1_5', 'GL1_5', 'GL1_5', 'GL1_5', 'GL1_5', 'GL1_5', 'start_exp', 'GL1_4']"
252,9,28,"['start_exp', 'GL1_5', 'GL1_5', 'GL1_5', 'GL1_5', 'GL1_5', 'GL1_5', 'start_exp', 'GL1_5']"
252,9,28,"['start_exp', 'GL1_5', 'GL1_5', 'GL1_5', 'GL1_5', 'start_exp', 'GL1_5', 'GL1_5', 'GL1_4']"
252,9,28,"['start_exp', 'GL1_5', 'GL1_5', 'GL1_5', 'GL1_5', 'start_exp', 'GL1_5', 'GL1_5', 'GL1_5']"
252,9,28,"['start_exp', 'GL1_5', 'GL1_5', 'GL1_5', 'GL1_5', 'start_exp', 'GL1_5', 'GL1_5', 'end_exp']"
252,9,28,"['start_exp', 'GL1_5', 'GL1_5', 'GL1_5', 'GL1_5', 'start_exp', 'GL1_5', 'GL1_5', 'start_exp']"
252,9,28,"['start_exp', 'GL1_5', 'GL1_5', 'GL1_5', 'GL1_5', 'start_exp', 'GL1_5', 'start_exp', 'GL1_4']"
252,9,28,"['start_exp', 'GL1_5', 'GL1_5', 'GL1_5', 'GL1_5', 'start_exp', 'GL1_5', 'start_exp', 'GL1_5']"
252,9,28,"['start_exp', 'GL1_5', 'GL1_5', 'GL1_5', 'start_exp', 'GL1_5', 'GL1_5', 'GL1_5', 'GL1_4']"
252,9,28,"['start_exp', 'GL1_5', 'GL1_5', 'GL1_5', 'start_exp', 'GL1_5', 'GL1_5', 'GL1_5', 'GL1_5']"
252,9,28,"['start_exp', 'GL1_5', 'GL1_5', 'GL1_5', 'start_exp', 'GL1_5', 'GL1_5', 'GL1_5', 'end_exp']"
252,9,28,"['start_exp', 'GL1_5', 'GL1_5', 'GL1_5', 'start_exp', 'GL1_5', 'GL1_5', 'GL1_5', 'start_exp']"
252,9,28,"['start_exp', 'GL1_5', 'GL1_5', 'GL1_5', 'start_exp', 'GL1_5', 'GL1_5', 'start_exp', 'GL1_4']"
252,9,28,"['start_exp', 'GL1_5', 'GL1_5', 'GL1_5', 'start_exp', 'GL1_5', 'GL1_5', 'start_exp', 'GL1_5']"
252,9,28,"['start_exp', 'GL1_5', 'GL1_5', 'start_exp', 'GL1_5', 'GL1_5', 'GL1_5', 'GL1_5', 'end_exp']"
252,9,28,"['start_exp', 'GL1_5', 'GL1_5', 'start_exp', 'GL1_5', 'GL1_5', 'GL1_5', 'start_exp', 'GL1_4']"
252,9,28,"['start_exp', 'GL1_5', 'GL1_5', 'start_exp', 'GL1_5', 'GL1_5', 'GL1_5', 'start_exp', 'GL1_5']"
252,9,28,"['start_exp', 'GL1_5', 'GL1_5', 'start_exp', 'GL1_5', 'GL1_5', 'start_exp', 'GL1_5', 'end_exp']"
252,9,28,"['start_exp', 'GL1_5', 'GL1_5', 'start_exp', 'GL1_5', 'start_exp', 'GL1_5', 'GL1_5', 'GL1_5']"
252,9,28,"['start_exp', 'GL1_5', 'GL1_5', 'start_exp', 'GL1_5', 'start_exp', 'GL1_5', 'GL1_5', 'end_exp']"
252,9,28,"['start_exp', 'GL1_5', 'GL1_5', 'start_exp', 'GL1_5', 'start_exp', 'GL1_5', 'GL1_5', 'start_exp']"
252,9,28,"['start_exp', 'GL1_5', 'GL1_5', 'start_exp', 'start_exp', 'GL1_5', 'GL1_5', 'GL1_5', 'end_exp']"
252,9,28,"['start_exp', 'GL1_5', 'start_exp', 'GL1_5', 'GL1_5', 'GL1_5', 'GL1_5', 'GL1_5', 'GL1_5']"
252,9,28,"['start_exp', 'GL1_5', 'start_exp', 'GL1_5', 'GL1_5', 'GL1_5', 'GL1_5', 'GL1_5', 'end_exp']"
252,9,28,"['start_exp', 'GL1_5', 'start_exp', 'GL1_5', 'GL1_5', 'GL1_5', 'GL1_5', 'GL1_5', 'start_exp']"
252,9,28,"['start_exp', 'GL1_5', 'start_exp', 'GL1_5', 'GL1_5', 'GL1_5', 'GL1_5', 'start_exp', 'GL1_4']"
252,9,28,"['start_exp', 'GL1_5', 'start_exp', 'GL1_5', 'GL1_5', 'GL1_5', 'GL1_5', 'start_exp', 'GL1_5']"
252,9,28,"['start_exp', 'GL1_5', 'start_exp', 'GL1_5', 'GL1_5', 'start_exp', 'GL1_5', 'GL1_5', 'GL1_5']"
252,9,28,"['start_exp', 'GL1_5', 'start_exp', 'GL1_5', 'GL1_5', 'start_exp', 'GL1_5', 'GL1_5', 'end_exp']"
252,9,28,"['start_exp', 'GL1_5', 'start_exp', 'GL1_5', 'GL1_5', 'start_exp', 'GL1_5', 'GL1_5', 'start_exp']"
252,9,28,"['start_exp', 'GL1_5', 'start_exp', 'GL1_5', 'GL1_5', 'start_exp', 'GL1_5', 'start_exp', 'GL1_5']"
252,9,28,"['start_exp', 'GL1_5', 'start_exp', 'GL1_5', 'start_exp', 'GL1_5', 'GL1_5', 'GL1_5', 'end_exp']"
252,9,28,"['start_exp', 'GL1_5', 'start_exp', 'GL1_5', 'start_exp', 'GL1_5', 'GL1_5', 'start_exp', 'GL1_5']"
252,9,28,"['start_exp', 'start_exp', 'GL1_5', 'GL1_5', 'GL1_5', 'GL1_5', 'GL1_5', 'start_exp', 'GL1_4']"
252,9,28,"['start_exp', 'start_exp', 'GL1_5', 'GL1_5', 'GL1_5', 'GL1_5', 'GL1_5', 'start_exp', 'GL1_5']"
252,9,28,"['start_exp', 'start_exp', 'GL1_5', 'GL1_5', 'start_exp', 'GL1_5', 'GL1_5', 'GL1_5', 'end_exp']"
252,9,28,"['start_exp', 'start_exp', 'GL1_5', 'GL1_5', 'start_exp', 'GL1_5', 'GL1_5', 'start_exp', 'GL1_5']"
252,9,28,"['start_exp', 'start_exp', 'GL1_5', 'start_exp', 'GL1_5', 'GL1_5', 'GL1_5', 'start_exp', 'GL1_5']"
243,9,27,"['GL1_5', 'GL1_5', 'GL1_5', 'GL1_5', 'start_exp', 'GL1_5', 'GL1_5', 'GL1_4', 'GL1_5']"
243,9,27,"['GL1_5', 'GL1_5', 'GL1_5', 'GL1_5', 'start_exp', 'GL1_5', 'GL1_5', 'GL1_4', 'end_exp']"
243,9,27,"['GL1_5', 'GL1_5', 'GL1_5', 'GL1_5', 'start_exp', 'GL1_5', 'start_exp', 'GL1_4', 'GL1_5']"
243,9,27,"['GL1_5', 'GL1_5', 'GL1_5', 'GL1_5', 'start_exp', 'GL1_5', 'start_exp', 'GL1_4', 'end_exp']"
243,9,27,"['GL1_5', 'GL1_5', 'GL1_5', 'start_exp', 'GL1_5', 'GL1_5', 'GL1_5', 'GL1_4', 'GL1_5']"
243,9,27,"['GL1_5', 'GL1_5', 'GL1_5', 'start_exp', 'GL1_5', 'GL1_5', 'GL1_5', 'GL1_4', 'end_exp']"
243,9,27,"['GL1_5', 'GL1_5', 'GL1_5', 'start_exp', 'GL1_5', 'GL1_5', 'GL1_5', 'start_exp', 'end_exp']"
243,9,27,"['GL1_5', 'GL1_5', 'GL1_5', 'start_exp', 'GL1_5', 'GL1_5', 'GL4_1', 'GL4_1&GL1_8', 'end_exp']"
243,9,27,"['GL1_5', 'GL1_5', 'GL1_5', 'start_exp', 'GL1_5', 'GL1_5', 'start_exp', 'GL1_4', 'GL1_5']"
243,9,27,"['GL1_5', 'GL1_5', 'GL1_5', 'start_exp', 'GL1_5', 'GL1_5', 'start_exp', 'GL1_4', 'end_exp']"
243,9,27,"['GL1_5', 'GL1_5', 'GL1_5', 'start_exp', 'GL1_5', 'start_exp', 'GL1_5', 'GL1_5', 'end_exp']"
243,9,27,"['GL1_5', 'GL1_5', 'start_exp', 'GL1_5', 'GL1_5', 'GL1_5', 'GL1_5', 'GL1_5', 'GL1_5']"
243,9,27,"['GL1_5', 'GL1_5', 'start_exp', 'GL1_5', 'GL1_5', 'GL1_5', 'GL1_5', 'GL1_5', 'end_exp']"
243,9,27,"['GL1_5', 'GL1_5', 'start_exp', 'GL1_5', 'GL1_5', 'GL1_5', 'GL1_5', 'GL1_5', 'start_exp']"
243,9,27,"['GL1_5', 'GL1_5', 'start_exp', 'GL1_5', 'GL1_5', 'GL1_5', 'GL1_5', 'start_exp', 'GL1_4']"
243,9,27,"['GL1_5', 'GL1_5', 'start_exp', 'GL1_5', 'GL1_5', 'GL1_5', 'start_exp', 'GL1_4', 'GL1_5']"
243,9,27,"['GL1_5', 'GL1_5', 'start_exp', 'GL1_5', 'GL1_5', 'GL1_5', 'start_exp', 'GL1_4', 'end_exp']"
243,9,27,"['GL1_5', 'GL1_5', 'start_exp', 'GL1_5', 'GL1_5', 'GL1_5', 'start_exp', 'GL1_5', 'end_exp']"
243,9,27,"['GL1_5', 'GL1_5', 'start_exp', 'GL1_5', 'GL1_5', 'start_exp', 'GL1_5', 'GL1_5', 'GL1_5']"
243,9,27,"['GL1_5', 'GL1_5', 'start_exp', 'GL1_5', 'GL1_5', 'start_exp', 'GL1_5', 'GL1_5', 'end_exp']"
243,9,27,"['GL1_5', 'GL1_5', 'start_exp', 'GL1_5', 'GL1_5', 'start_exp', 'GL1_5', 'GL1_5', 'start_exp']"
243,9,27,"['GL1_5', 'GL1_5', 'start_exp', 'GL1_5', 'start_exp', 'GL1_5', 'GL1_5', 'start_exp', 'GL1_5']"
243,9,27,"['GL1_5', 'GL1_5', 'start_exp', 'GL1_5', 'start_exp', 'GL1_5', 'GL1_5', 'start_exp', 'end_exp']"
243,9,27,"['GL1_5', 'start_exp', 'GL1_5', 'GL1_5', 'GL1_5', 'GL1_5', 'GL1_5', 'GL1_5', 'end_exp']"
243,9,27,"['GL1_5', 'start_exp', 'GL1_5', 'GL1_5', 'GL1_5', 'GL1_5', 'GL1_5', 'start_exp', 'GL1_4']"
243,9,27,"['GL1_5', 'start_exp', 'GL1_5', 'GL1_5', 'GL1_5', 'GL1_5', 'start_exp', 'GL1_4', 'GL1_5']"
243,9,27,"['GL1_5', 'start_exp', 'GL1_5', 'GL1_5', 'GL1_5', 'GL1_5', 'start_exp', 'GL1_4', 'end_exp']"
243,9,27,"['GL1_5', 'start_exp', 'GL1_5', 'GL1_5', 'GL1_5', 'GL1_5', 'start_exp', 'GL1_5', 'end_exp']"
243,9,27,"['GL1_5', 'start_exp', 'GL1_5', 'GL1_5', 'GL1_5', 'start_exp', 'GL1_5', 'GL1_5', 'GL1_5']"
243,9,27,"['GL1_5', 'start_exp', 'GL1_5', 'GL1_5', 'GL1_5', 'start_exp', 'GL1_5', 'GL1_5', 'end_exp']"
243,9,27,"['GL1_5', 'start_exp', 'GL1_5', 'GL1_5', 'GL1_5', 'start_exp', 'GL1_5', 'GL1_5', 'start_exp']"
243,9,27,"['GL1_5', 'start_exp', 'GL1_5', 'GL1_5', 'GL1_5', 'start_exp', 'GL1_5', 'start_exp', 'GL1_5']"
243,9,27,"['GL1_5', 'start_exp', 'GL1_5', 'GL1_5', 'start_exp', 'GL1_5', 'GL1_5', 'start_exp', 'end_exp']"
243,9,27,"['GL1_5', 'start_exp', 'GL1_5', 'GL1_5', 'start_exp', 'GL1_5', 'start_exp', 'GL1_5', 'end_exp']"
243,9,27,"['GL1_5', 'start_exp', 'GL1_5', 'start_exp', 'GL1_5', 'GL1_5', 'GL1_5', 'start_exp', 'GL1_5']"
243,9,27,"['GL1_5', 'start_exp', 'GL1_5', 'start_exp', 'GL1_5', 'GL1_5', 'start_exp', 'GL1_5', 'end_exp']"
243,9,27,"['start_exp', 'GL1_5', 'GL1_5', 'GL1_5', 'GL1_5', 'GL1_5', 'GL1_5', 'GL1_4', 'GL1_5']"
243,9,27,"['start_exp', 'GL1_5', 'GL1_5', 'GL1_5', 'GL1_5', 'GL1_5', 'GL1_5', 'GL1_4', 'end_exp']"
243,9,27,"['start_exp', 'GL1_5', 'GL1_5', 'GL1_5', 'GL1_5', 'GL1_5', 'GL1_5', 'GL1_5', 'GL1_4']"
243,9,27,"['start_exp', 'GL1_5', 'GL1_5', 'GL1_5', 'GL1_5', 'GL1_5', 'GL1_5', 'GL1_5', 'GL1_5']"
243,9,27,"['start_exp', 'GL1_5', 'GL1_5', 'GL1_5', 'GL1_5', 'GL1_5', 'GL1_5', 'GL1_5', 'start_exp']"
243,9,27,"['start_exp', 'GL1_5', 'GL1_5', 'GL1_5', 'GL1_5', 'GL1_5', 'GL1_5', 'start_exp', 'end_exp']"
243,9,27,"['start_exp', 'GL1_5', 'GL1_5', 'GL1_5', 'GL1_5', 'GL1_5', 'start_exp', 'GL1_4', 'GL1_5']"
243,9,27,"['start_exp', 'GL1_5', 'GL1_5', 'GL1_5', 'GL1_5', 'GL1_5', 'start_exp', 'GL1_5', 'GL1_4']"
243,9,27,"['start_exp', 'GL1_5', 'GL1_5', 'GL1_5', 'GL1_5', 'GL1_5', 'start_exp', 'GL1_5', 'GL1_5']"
243,9,27,"['start_exp', 'GL1_5', 'GL1_5', 'GL1_5', 'GL1_5', 'GL1_5', 'start_exp', 'GL1_5', 'end_exp']"
243,9,27,"['start_exp', 'GL1_5', 'GL1_5', 'GL1_5', 'GL1_5', 'start_exp', 'GL1_5', 'GL1_4', 'GL1_5']"
243,9,27,"['start_exp', 'GL1_5', 'GL1_5', 'GL1_5', 'GL1_5', 'start_exp', 'GL1_5', 'GL1_4', 'end_exp']"
243,9,27,"['start_exp', 'GL1_5', 'GL1_5', 'GL1_5', 'GL1_5', 'start_exp', 'GL1_5', 'GL1_5', 'GL4_1']"
243,9,27,"['start_exp', 'GL1_5', 'GL1_5', 'GL1_5', 'GL1_5', 'start_exp', 'GL1_5', 'start_exp', 'end_exp']"
243,9,27,"['start_exp', 'GL1_5', 'GL1_5', 'GL1_5', 'GL1_5', 'start_exp', 'start_exp', 'GL1_4', 'GL1_5']"
243,9,27,"['start_exp', 'GL1_5', 'GL1_5', 'GL1_5', 'GL1_5', 'start_exp', 'start_exp', 'GL1_5', 'end_exp']"
243,9,27,"['start_exp', 'GL1_5', 'GL1_5', 'GL1_5', 'start_exp', 'GL1_5', 'GL1_5', 'GL1_4', 'GL1_5']"
243,9,27,"['start_exp', 'GL1_5', 'GL1_5', 'GL1_5', 'start_exp', 'GL1_5', 'GL1_5', 'GL1_4', 'end_exp']"
243,9,27,"['start_exp', 'GL1_5', 'GL1_5', 'GL1_5', 'start_exp', 'GL1_5', 'GL1_5', 'GL1_5', 'GL4_1']"
243,9,27,"['start_exp', 'GL1_5', 'GL1_5', 'GL1_5', 'start_exp', 'GL1_5', 'GL1_5', 'start_exp', 'end_exp']"
243,9,27,"['start_exp', 'GL1_5', 'GL1_5', 'GL1_5', 'start_exp', 'GL1_5', 'start_exp', 'GL1_4', 'GL1_5']"
243,9,27,"['start_exp', 'GL1_5', 'GL1_5', 'GL1_5', 'start_exp', 'GL1_5', 'start_exp', 'GL1_5', 'GL1_4']"
243,9,27,"['start_exp', 'GL1_5', 'GL1_5', 'GL1_5', 'start_exp', 'GL1_5', 'start_exp', 'GL1_5', 'GL1_5']"
243,9,27,"['start_exp', 'GL1_5', 'GL1_5', 'GL1_5', 'start_exp', 'GL1_5', 'start_exp', 'GL1_5', 'GL4_1']"
243,9,27,"['start_exp', 'GL1_5', 'GL1_5', 'GL1_5', 'start_exp', 'GL1_5', 'start_exp', 'GL1_5', 'end_exp']"
243,9,27,"['start_exp', 'GL1_5', 'GL1_5', 'GL1_5', 'start_exp', 'GL1_5', 'start_exp', 'GL1_5', 'start_exp']"
243,9,27,"['start_exp', 'GL1_5', 'GL1_5', 'start_exp', 'GL1_5', 'GL1_5', 'GL1_5', 'GL1_4', 'GL1_5']"
243,9,27,"['start_exp', 'GL1_5', 'GL1_5', 'start_exp', 'GL1_5', 'GL1_5', 'GL1_5', 'GL1_4', 'end_exp']"
243,9,27,"['start_exp', 'GL1_5', 'GL1_5', 'start_exp', 'GL1_5', 'GL1_5', 'GL1_5', 'GL1_5', 'GL1_4']"
243,9,27,"['start_exp', 'GL1_5', 'GL1_5', 'start_exp', 'GL1_5', 'GL1_5', 'GL1_5', 'GL1_5', 'GL1_5']"
243,9,27,"['start_exp', 'GL1_5', 'GL1_5', 'start_exp', 'GL1_5', 'GL1_5', 'GL1_5', 'GL1_5', 'start_exp']"
243,9,27,"['start_exp', 'GL1_5', 'GL1_5', 'start_exp', 'GL1_5', 'GL1_5', 'start_exp', 'GL1_4', 'GL1_5']"
243,9,27,"['start_exp', 'GL1_5', 'GL1_5', 'start_exp', 'GL1_5', 'GL1_5', 'start_exp', 'GL1_4', 'end_exp']"
243,9,27,"['start_exp', 'GL1_5', 'GL1_5', 'start_exp', 'GL1_5', 'GL1_5', 'start_exp', 'GL1_5', 'GL1_5']"
243,9,27,"['start_exp', 'GL1_5', 'GL1_5', 'start_exp', 'GL1_5', 'GL1_5', 'start_exp', 'GL1_5', 'start_exp']"
243,9,27,"['start_exp', 'GL1_5', 'GL1_5', 'start_exp', 'GL1_5', 'start_exp', 'GL1_5', 'GL1_5', 'GL1_4']"
243,9,27,"['start_exp', 'GL1_5', 'GL1_5', 'start_exp', 'GL1_5', 'start_exp', 'GL1_5', 'GL1_5', 'GL4_1']"
243,9,27,"['start_exp', 'GL1_5', 'GL1_5', 'start_exp', 'GL1_5', 'start_exp', 'GL1_5', 'start_exp', 'GL1_5']"
243,9,27,"['start_exp', 'GL1_5', 'GL1_5', 'start_exp', 'start_exp', 'GL1_5', 'GL1_5', 'start_exp', 'GL1_5']"
243,9,27,"['start_exp', 'GL1_5', 'GL1_5', 'start_exp', 'start_exp', 'GL1_5', 'GL1_5', 'start_exp', 'end_exp']"
243,9,27,"['start_exp', 'GL1_5', 'start_exp', 'GL1_5', 'GL1_5', 'GL1_5', 'GL1_5', 'GL1_4', 'GL1_5']"
243,9,27,"['start_exp', 'GL1_5', 'start_exp', 'GL1_5', 'GL1_5', 'GL1_5', 'GL1_5', 'GL1_4', 'end_exp']"
243,9,27,"['start_exp', 'GL1_5', 'start_exp', 'GL1_5', 'GL1_5', 'GL1_5', 'GL1_5', 'GL1_5', 'GL1_4']"
243,9,27,"['start_exp', 'GL1_5', 'start_exp', 'GL1_5', 'GL1_5', 'GL1_5', 'GL1_5', 'GL1_5', 'GL4_1']"
243,9,27,"['start_exp', 'GL1_5', 'start_exp', 'GL1_5', 'GL1_5', 'GL1_5', 'start_exp', 'GL1_4', 'GL1_5']"
243,9,27,"['start_exp', 'GL1_5', 'start_exp', 'GL1_5', 'GL1_5', 'GL1_5', 'start_exp', 'GL1_5', 'GL1_5']"
243,9,27,"['start_exp', 'GL1_5', 'start_exp', 'GL1_5', 'GL1_5', 'GL1_5', 'start_exp', 'GL1_5', 'GL4_1']"
243,9,27,"['start_exp', 'GL1_5', 'start_exp', 'GL1_5', 'GL1_5', 'start_exp', 'GL1_5', 'GL1_5', 'GL1_4']"
243,9,27,"['start_exp', 'GL1_5', 'start_exp', 'GL1_5', 'GL1_5', 'start_exp', 'GL1_5', 'GL1_5', 'GL4_1']"
243,9,27,"['start_exp', 'GL1_5', 'start_exp', 'GL1_5', 'start_exp', 'GL1_5', 'GL1_5', 'GL1_5', 'GL1_4']"
243,9,27,"['start_exp', 'GL1_5', 'start_exp', 'GL1_5', 'start_exp', 'GL1_5', 'GL1_5', 'GL1_5', 'GL1_5']"
243,9,27,"['start_exp', 'GL1_5', 'start_exp', 'GL1_5', 'start_exp', 'GL1_5', 'GL1_5', 'GL1_5', 'start_exp']"
224,8,28,"['GL1_5', 'GL1_5', 'GL1_5', 'GL1_5', 'GL1_5', 'GL1_5', 'GL1_5', 'end_exp']"
224,8,28,"['GL1_5', 'GL1_5', 'GL1_5', 'GL1_5', 'GL1_5', 'GL1_5', 'start_exp', 'GL1_4']"
224,8,28,"['GL1_5', 'GL1_5', 'GL1_5', 'GL1_5', 'GL1_5', 'GL1_5', 'start_exp', 'GL1_5']"
224,8,28,"['GL1_5', 'GL1_5', 'GL1_5', 'GL1_5', 'GL1_5', 'GL1_5', 'start_exp', 'end_exp']"
224,8,28,"['GL1_5', 'GL1_5', 'GL1_5', 'GL1_5', 'GL1_5', 'start_exp', 'GL1_5', 'end_exp']"
224,8,28,"['GL1_5', 'GL1_5', 'GL1_5', 'GL1_5', 'start_exp', 'GL1_5', 'GL1_5', 'GL1_4']"
224,8,28,"['GL1_5', 'GL1_5', 'GL1_5', 'GL1_5', 'start_exp', 'GL1_5', 'GL1_5', 'GL1_5']"
224,8,28,"['GL1_5', 'GL1_5', 'GL1_5', 'GL1_5', 'start_exp', 'GL1_5', 'GL1_5', 'end_exp']"
224,8,28,"['GL1_5', 'GL1_5', 'GL1_5', 'GL1_5', 'start_exp', 'GL1_5', 'GL1_5', 'start_exp']"
224,8,28,"['GL1_5', 'GL1_5', 'GL1_5', 'GL1_5', 'start_exp', 'GL1_5', 'start_exp', 'GL1_4']"
224,8,28,"['GL1_5', 'GL1_5', 'GL1_5', 'GL1_5', 'start_exp', 'GL1_5', 'start_exp', 'GL1_5']"
224,8,28,"['GL1_5', 'GL1_5', 'GL1_5', 'GL1_5', 'start_exp', 'GL1_5', 'start_exp', 'end_exp']"
224,8,28,"['GL1_5', 'GL1_5', 'GL1_5', 'GL1_5', 'start_exp', 'start_exp', 'GL1_5', 'end_exp']"
224,8,28,"['GL1_5', 'GL1_5', 'GL1_5', 'start_exp', 'GL1_5', 'GL1_5', 'GL1_5', 'GL1_4']"
224,8,28,"['GL1_5', 'GL1_5', 'GL1_5', 'start_exp', 'GL1_5', 'GL1_5', 'GL1_5', 'GL1_5']"
224,8,28,"['GL1_5', 'GL1_5', 'GL1_5', 'start_exp', 'GL1_5', 'GL1_5', 'GL1_5', 'end_exp']"
224,8,28,"['GL1_5', 'GL1_5', 'GL1_5', 'start_exp', 'GL1_5', 'GL1_5', 'GL1_5', 'start_exp']"
224,8,28,"['GL1_5', 'GL1_5', 'GL1_5', 'start_exp', 'GL1_5', 'GL1_5', 'start_exp', 'GL1_4']"
224,8,28,"['GL1_5', 'GL1_5', 'GL1_5', 'start_exp', 'GL1_5', 'GL1_5', 'start_exp', 'GL1_5']"
224,8,28,"['GL1_5', 'GL1_5', 'GL1_5', 'start_exp', 'GL1_5', 'GL1_5', 'start_exp', 'end_exp']"
224,8,28,"['GL1_5', 'GL1_5', 'GL1_5', 'start_exp', 'GL1_5', 'start_exp', 'GL1_5', 'end_exp']"
224,8,28,"['GL1_5', 'GL1_5', 'GL1_5', 'start_exp', 'GL1_5', 'start_exp', 'GL1_5', 'start_exp']"
224,8,28,"['GL1_5', 'GL1_5', 'start_exp', 'GL1_5', 'GL1_5', 'GL1_5', 'GL1_5', 'end_exp']"
224,8,28,"['GL1_5', 'GL1_5', 'start_exp', 'GL1_5', 'GL1_5', 'GL1_5', 'start_exp', 'GL1_4']"
224,8,28,"['GL1_5', 'GL1_5', 'start_exp', 'GL1_5', 'GL1_5', 'GL1_5', 'start_exp', 'GL1_5']"
224,8,28,"['GL1_5', 'GL1_5', 'start_exp', 'GL1_5', 'GL1_5', 'start_exp', 'GL1_5', 'end_exp']"
224,8,28,"['GL1_5', 'GL1_5', 'start_exp', 'GL1_5', 'start_exp', 'GL1_5', 'GL1_5', 'GL1_5']"
224,8,28,"['GL1_5', 'GL1_5', 'start_exp', 'GL1_5', 'start_exp', 'GL1_5', 'GL1_5', 'end_exp']"
224,8,28,"['GL1_5', 'GL1_5', 'start_exp', 'GL1_5', 'start_exp', 'GL1_5', 'GL1_5', 'start_exp']"
224,8,28,"['GL1_5', 'GL1_5', 'start_exp', 'start_exp', 'GL1_5', 'GL1_5', 'GL1_5', 'end_exp']"
224,8,28,"['GL1_5', 'start_exp', 'GL1_5', 'GL1_5', 'GL1_5', 'GL1_5', 'GL1_5', 'GL1_5']"
224,8,28,"['GL1_5', 'start_exp', 'GL1_5', 'GL1_5', 'GL1_5', 'GL1_5', 'GL1_5', 'end_exp']"
224,8,28,"['GL1_5', 'start_exp', 'GL1_5', 'GL1_5', 'GL1_5', 'GL1_5', 'GL1_5', 'start_exp']"
224,8,28,"['GL1_5', 'start_exp', 'GL1_5', 'GL1_5', 'GL1_5', 'GL1_5', 'start_exp', 'GL1_4']"
224,8,28,"['GL1_5', 'start_exp', 'GL1_5', 'GL1_5', 'GL1_5', 'GL1_5', 'start_exp', 'GL1_5']"
224,8,28,"['GL1_5', 'start_exp', 'GL1_5', 'GL1_5', 'start_exp', 'GL1_5', 'GL1_5', 'GL1_5']"
224,8,28,"['GL1_5', 'start_exp', 'GL1_5', 'GL1_5', 'start_exp', 'GL1_5', 'GL1_5', 'end_exp']"
224,8,28,"['GL1_5', 'start_exp', 'GL1_5', 'GL1_5', 'start_exp', 'GL1_5', 'GL1_5', 'start_exp']"
224,8,28,"['GL1_5', 'start_exp', 'GL1_5', 'GL1_5', 'start_exp', 'GL1_5', 'start_exp', 'GL1_5']"
224,8,28,"['GL1_5', 'start_exp', 'GL1_5', 'start_exp', 'GL1_5', 'GL1_5', 'GL1_5', 'end_exp']"
224,8,28,"['GL1_5', 'start_exp', 'GL1_5', 'start_exp', 'GL1_5', 'GL1_5', 'start_exp', 'GL1_5']"
224,8,28,"['start_exp', 'GL1_5', 'GL1_5', 'GL1_5', 'GL1_5', 'GL1_5', 'GL1_5', 'GL1_4']"
224,8,28,"['start_exp', 'GL1_5', 'GL1_5', 'GL1_5', 'GL1_5', 'GL1_5', 'GL1_5', 'GL1_5']"
224,8,28,"['start_exp', 'GL1_5', 'GL1_5', 'GL1_5', 'GL1_5', 'GL1_5', 'GL1_5', 'end_exp']"
224,8,28,"['start_exp', 'GL1_5', 'GL1_5', 'GL1_5', 'GL1_5', 'GL1_5', 'GL1_5', 'start_exp']"
224,8,28,"['start_exp', 'GL1_5', 'GL1_5', 'GL1_5', 'GL1_5', 'GL1_5', 'start_exp', 'GL1_4']"
224,8,28,"['start_exp', 'GL1_5', 'GL1_5', 'GL1_5', 'GL1_5', 'GL1_5', 'start_exp', 'GL1_5']"
224,8,28,"['start_exp', 'GL1_5', 'GL1_5', 'GL1_5', 'GL1_5', 'start_exp', 'GL1_5', 'GL1_4']"
224,8,28,"['start_exp', 'GL1_5', 'GL1_5', 'GL1_5', 'GL1_5', 'start_exp', 'GL1_5', 'GL1_5']"
224,8,28,"['start_exp', 'GL1_5', 'GL1_5', 'GL1_5', 'GL1_5', 'start_exp', 'GL1_5', 'end_exp']"
224,8,28,"['start_exp', 'GL1_5', 'GL1_5', 'GL1_5', 'GL1_5', 'start_exp', 'GL1_5', 'start_exp']"
224,8,28,"['start_exp', 'GL1_5', 'GL1_5', 'GL1_5', 'GL1_5', 'start_exp', 'start_exp', 'GL1_4']"
224,8,28,"['start_exp', 'GL1_5', 'GL1_5', 'GL1_5', 'GL1_5', 'start_exp', 'start_exp', 'GL1_5']"
224,8,28,"['start_exp', 'GL1_5', 'GL1_5', 'GL1_5', 'start_exp', 'GL1_5', 'GL1_5', 'GL1_4']"
224,8,28,"['start_exp', 'GL1_5', 'GL1_5', 'GL1_5', 'start_exp', 'GL1_5', 'GL1_5', 'GL1_5']"
224,8,28,"['start_exp', 'GL1_5', 'GL1_5', 'GL1_5', 'start_exp', 'GL1_5', 'GL1_5', 'end_exp']"
224,8,28,"['start_exp', 'GL1_5', 'GL1_5', 'GL1_5', 'start_exp', 'GL1_5', 'GL1_5', 'start_exp']"
224,8,28,"['start_exp', 'GL1_5', 'GL1_5', 'GL1_5', 'start_exp', 'GL1_5', 'start_exp', 'GL1_4']"
224,8,28,"['start_exp', 'GL1_5', 'GL1_5', 'GL1_5', 'start_exp', 'GL1_5', 'start_exp', 'GL1_5']"
224,8,28,"['start_exp', 'GL1_5', 'GL1_5', 'start_exp', 'GL1_5', 'GL1_5', 'GL1_5', 'GL1_4']"
224,8,28,"['start_exp', 'GL1_5', 'GL1_5', 'start_exp', 'GL1_5', 'GL1_5', 'GL1_5', 'GL1_5']"
224,8,28,"['start_exp', 'GL1_5', 'GL1_5', 'start_exp', 'GL1_5', 'GL1_5', 'GL1_5', 'end_exp']"
224,8,28,"['start_exp', 'GL1_5', 'GL1_5', 'start_exp', 'GL1_5', 'GL1_5', 'GL1_5', 'start_exp']"
224,8,28,"['start_exp', 'GL1_5', 'GL1_5', 'start_exp', 'GL1_5', 'GL1_5', 'start_exp', 'GL1_4']"
224,8,28,"['start_exp', 'GL1_5', 'GL1_5', 'start_exp', 'GL1_5', 'GL1_5', 'start_exp', 'GL1_5']"
224,8,28,"['start_exp', 'GL1_5', 'GL1_5', 'start_exp', 'GL1_5', 'GL1_5', 'start_exp', 'end_exp']"
224,8,28,"['start_exp', 'GL1_5', 'GL1_5', 'start_exp', 'GL1_5', 'start_exp', 'GL1_5', 'GL1_5']"
224,8,28,"['start_exp', 'GL1_5', 'GL1_5', 'start_exp', 'GL1_5', 'start_exp', 'GL1_5', 'end_exp']"
224,8,28,"['start_exp', 'GL1_5', 'GL1_5', 'start_exp', 'GL1_5', 'start_exp', 'GL1_5', 'start_exp']"
224,8,28,"['start_exp', 'GL1_5', 'GL1_5', 'start_exp', 'start_exp', 'GL1_5', 'GL1_5', 'GL1_5']"
224,8,28,"['start_exp', 'GL1_5', 'GL1_5', 'start_exp', 'start_exp', 'GL1_5', 'GL1_5', 'end_exp']"
224,8,28,"['start_exp', 'GL1_5', 'GL1_5', 'start_exp', 'start_exp', 'GL1_5', 'GL1_5', 'start_exp']"
224,8,28,"['start_exp', 'GL1_5', 'start_exp', 'GL1_5', 'GL1_5', 'GL1_5', 'GL1_5', 'GL1_4']"
224,8,28,"['start_exp', 'GL1_5', 'start_exp', 'GL1_5', 'GL1_5', 'GL1_5', 'GL1_5', 'GL1_5']"
224,8,28,"['start_exp', 'GL1_5', 'start_exp', 'GL1_5', 'GL1_5', 'GL1_5', 'GL1_5', 'end_exp']"
224,8,28,"['start_exp', 'GL1_5', 'start_exp', 'GL1_5', 'GL1_5', 'GL1_5', 'GL1_5', 'start_exp']"
224,8,28,"['start_exp', 'GL1_5', 'start_exp', 'GL1_5', 'GL1_5', 'GL1_5', 'start_exp', 'GL1_4']"
224,8,28,"['start_exp', 'GL1_5', 'start_exp', 'GL1_5', 'GL1_5', 'GL1_5', 'start_exp', 'GL1_5']"
224,8,28,"['start_exp', 'GL1_5', 'start_exp', 'GL1_5', 'GL1_5', 'start_exp', 'GL1_5', 'GL1_5']"
224,8,28,"['start_exp', 'GL1_5', 'start_exp', 'GL1_5', 'GL1_5', 'start_exp', 'GL1_5', 'end_exp']"
224,8,28,"['start_exp', 'GL1_5', 'start_exp', 'GL1_5', 'GL1_5', 'start_exp', 'GL1_5', 'start_exp']"
224,8,28,"['start_exp', 'GL1_5', 'start_exp', 'GL1_5', 'GL1_5', 'start_exp', 'start_exp', 'GL1_5']"
224,8,28,"['start_exp', 'GL1_5', 'start_exp', 'GL1_5', 'start_exp', 'GL1_5', 'GL1_5', 'GL1_5']"
224,8,28,"['start_exp', 'GL1_5', 'start_exp', 'GL1_5', 'start_exp', 'GL1_5', 'GL1_5', 'end_exp']"
224,8,28,"['start_exp', 'GL1_5', 'start_exp', 'GL1_5', 'start_exp', 'GL1_5', 'GL1_5', 'start_exp']"
224,8,28,"['start_exp', 'GL1_5', 'start_exp', 'GL1_5', 'start_exp', 'GL1_5', 'start_exp', 'GL1_5']"
224,8,28,"['start_exp', 'GL1_5', 'start_exp', 'start_exp', 'GL1_5', 'GL1_5', 'GL1_5', 'end_exp']"
224,8,28,"['start_exp', 'GL1_5', 'start_exp', 'start_exp', 'GL1_5', 'GL1_5', 'start_exp', 'GL1_5']"
224,8,28,"['start_exp', 'start_exp', 'GL1_5', 'GL1_5', 'GL1_5', 'GL1_5', 'GL1_5', 'GL1_4']"
224,8,28,"['start_exp', 'start_exp', 'GL1_5', 'GL1_5', 'GL1_5', 'GL1_5', 'GL1_5', 'GL1_5']"
224,8,28,"['start_exp', 'start_exp', 'GL1_5', 'GL1_5', 'GL1_5', 'GL1_5', 'GL1_5', 'end_exp']"
224,8,28,"['start_exp', 'start_exp', 'GL1_5', 'GL1_5', 'GL1_5', 'GL1_5', 'GL1_5', 'start_exp']"
224,8,28,"['start_exp', 'start_exp', 'GL1_5', 'GL1_5', 'GL1_5', 'GL1_5', 'start_exp', 'GL1_4']"
224,8,28,"['start_exp', 'start_exp', 'GL1_5', 'GL1_5', 'GL1_5', 'GL1_5', 'start_exp', 'GL1_5']"
224,8,28,"['start_exp', 'start_exp', 'GL1_5', 'GL1_5', 'start_exp', 'GL1_5', 'GL1_5', 'GL1_4']"
224,8,28,"['start_exp', 'start_exp', 'GL1_5', 'GL1_5', 'start_exp', 'GL1_5', 'GL1_5', 'GL1_5']"
224,8,28,"['start_exp', 'start_exp', 'GL1_5', 'GL1_5', 'start_exp', 'GL1_5', 'GL1_5', 'end_exp']"
224,8,28,"['start_exp', 'start_exp', 'GL1_5', 'GL1_5', 'start_exp', 'GL1_5', 'GL1_5', 'start_exp']"
224,8,28,"['start_exp', 'start_exp', 'GL1_5', 'GL1_5', 'start_exp', 'GL1_5', 'start_exp', 'GL1_5']"
224,8,28,"['start_exp', 'start_exp', 'GL1_5', 'start_exp', 'GL1_5', 'GL1_5', 'GL1_5', 'GL1_4']"
224,8,28,"['start_exp', 'start_exp', 'GL1_5', 'start_exp', 'GL1_5', 'GL1_5', 'GL1_5', 'GL1_5']"
224,8,28,"['start_exp', 'start_exp', 'GL1_5', 'start_exp', 'GL1_5', 'GL1_5', 'GL1_5', 'end_exp']"
224,8,28,"['start_exp', 'start_exp', 'GL1_5', 'start_exp', 'GL1_5', 'GL1_5', 'GL1_5', 'start_exp']"
224,8,28,"['start_exp', 'start_exp', 'GL1_5', 'start_exp', 'GL1_5', 'GL1_5', 'start_exp', 'GL1_5']"
224,8,28,"['start_exp', 'start_exp', 'start_exp', 'GL1_5', 'GL1_5', 'GL1_5', 'start_exp', 'GL1_5']"
216,8,27,"['GL1_5', 'GL1_5', 'GL1_5', 'GL1_5', 'GL1_5', 'start_exp', 'start_exp', 'GL1_5']"
216,8,27,"['GL1_5', 'GL1_5', 'GL1_5', 'GL1_5', 'start_exp', 'GL1_5', 'GL1_4', 'GL1_5']"
216,8,27,"['GL1_5', 'GL1_5', 'GL1_5', 'GL1_5', 'start_exp', 'GL1_5', 'GL1_4', 'end_exp']"
216,8,27,"['GL1_5', 'GL1_5', 'GL1_5', 'GL1_5', 'start_exp', 'GL1_5', 'GL1_5', 'GL4_1']"
216,8,27,"['GL1_5', 'GL1_5', 'GL1_5', 'GL1_5', 'start_exp', 'start_exp', 'GL1_4', 'GL1_5']"
216,8,27,"['GL1_5', 'GL1_5', 'GL1_5', 'GL1_5', 'start_exp', 'start_exp', 'GL1_4', 'end_exp']"
216,8,27,"['GL1_5', 'GL1_5', 'GL1_5', 'start_exp', 'GL1_5', 'GL1_5', 'GL1_4', 'GL1_5']"
216,8,27,"['GL1_5', 'GL1_5', 'GL1_5', 'start_exp', 'GL1_5', 'GL1_5', 'GL1_4', 'end_exp']"
216,8,27,"['GL1_5', 'GL1_5', 'GL1_5', 'start_exp', 'GL1_5', 'GL1_5', 'GL1_5', 'GL4_1']"
216,8,27,"['GL1_5', 'GL1_5', 'GL1_5', 'start_exp', 'GL1_5', 'GL1_5', 'GL4_1', 'GL4_1&GL1_8']"
216,8,27,"['GL1_5', 'GL1_5', 'GL1_5', 'start_exp', 'GL1_5', 'GL1_5', 'GL4_1', 'end_exp']"
216,8,27,"['GL1_5', 'GL1_5', 'GL1_5', 'start_exp', 'GL1_5', 'GL1_5', 'GL4_1&GL1_8', 'end_exp']"
216,8,27,"['GL1_5', 'GL1_5', 'GL1_5', 'start_exp', 'GL1_5', 'GL4_1', 'GL4_1&GL1_8', 'end_exp']"
216,8,27,"['GL1_5', 'GL1_5', 'GL1_5', 'start_exp', 'GL1_5', 'start_exp', 'GL1_4', 'GL1_5']"
216,8,27,"['GL1_5', 'GL1_5', 'GL1_5', 'start_exp', 'GL1_5', 'start_exp', 'GL1_4', 'end_exp']"
216,8,27,"['GL1_5', 'GL1_5', 'GL1_5', 'start_exp', 'GL1_5', 'start_exp', 'GL1_5', 'GL1_4']"
216,8,27,"['GL1_5', 'GL1_5', 'GL1_5', 'start_exp', 'GL1_5', 'start_exp', 'GL1_5', 'GL1_5']"
216,8,27,"['GL1_5', 'GL1_5', 'GL1_5', 'start_exp', 'GL1_5', 'start_exp', 'GL1_5', 'GL4_1']"
216,8,27,"['GL1_5', 'GL1_5', 'GL1_5', 'start_exp', 'start_exp', 'GL1_5', 'GL1_5', 'end_exp']"
216,8,27,"['GL1_5', 'GL1_5', 'start_exp', 'GL1_5', 'GL1_5', 'GL1_5', 'GL1_4', 'GL1_5']"
216,8,27,"['GL1_5', 'GL1_5', 'start_exp', 'GL1_5', 'GL1_5', 'GL1_5', 'GL1_4', 'end_exp']"
216,8,27,"['GL1_5', 'GL1_5', 'start_exp', 'GL1_5', 'GL1_5', 'GL1_5', 'GL1_5', 'GL1_4']"
216,8,27,"['GL1_5', 'GL1_5', 'start_exp', 'GL1_5', 'GL1_5', 'GL1_5', 'GL1_5', 'GL1_5']"
216,8,27,"['GL1_5', 'GL1_5', 'start_exp', 'GL1_5', 'GL1_5', 'GL1_5', 'GL1_5', 'start_exp']"
216,8,27,"['GL1_5', 'GL1_5', 'start_exp', 'GL1_5', 'GL1_5', 'GL1_5', 'start_exp', 'end_exp']"
216,8,27,"['GL1_5', 'GL1_5', 'start_exp', 'GL1_5', 'GL1_5', 'GL4_1', 'GL4_1&GL1_8', 'end_exp']"
216,8,27,"['GL1_5', 'GL1_5', 'start_exp', 'GL1_5', 'GL1_5', 'start_exp', 'GL1_4', 'GL1_5']"
216,8,27,"['GL1_5', 'GL1_5', 'start_exp', 'GL1_5', 'GL1_5', 'start_exp', 'GL1_4', 'end_exp']"
216,8,27,"['GL1_5', 'GL1_5', 'start_exp', 'GL1_5', 'GL1_5', 'start_exp', 'GL1_5', 'GL1_5']"
216,8,27,"['GL1_5', 'GL1_5', 'start_exp', 'GL1_5', 'GL1_5', 'start_exp', 'GL1_5', 'start_exp']"
216,8,27,"['GL1_5', 'GL1_5', 'start_exp', 'GL1_5', 'start_exp', 'GL1_5', 'GL1_5', 'GL1_4']"
216,8,27,"['GL1_5', 'GL1_5', 'start_exp', 'GL1_5', 'start_exp', 'GL1_5', 'GL1_5', 'GL4_1']"
216,8,27,"['GL1_5', 'GL1_5', 'start_exp', 'GL1_5', 'start_exp', 'GL1_5', 'start_exp', 'GL1_5']"
216,8,27,"['GL1_5', 'GL1_5', 'start_exp', 'GL1_5', 'start_exp', 'GL1_5', 'start_exp', 'end_exp']"
216,8,27,"['GL1_5', 'GL1_5', 'start_exp', 'start_exp', 'GL1_5', 'GL1_5', 'start_exp', 'GL1_5']"
216,8,27,"['GL1_5', 'GL1_5', 'start_exp', 'start_exp', 'GL1_5', 'GL1_5', 'start_exp', 'end_exp']"
216,8,27,"['GL1_5', 'start_exp', 'GL1_5', 'GL1_5', 'GL1_5', 'GL1_5', 'GL1_4', 'GL1_5']"
216,8,27,"['GL1_5', 'start_exp', 'GL1_5', 'GL1_5', 'GL1_5', 'GL1_5', 'GL1_4', 'end_exp']"
216,8,27,"['GL1_5', 'start_exp', 'GL1_5', 'GL1_5', 'GL1_5', 'GL1_5', 'GL1_5', 'GL1_4']"
216,8,27,"['GL1_5', 'start_exp', 'GL1_5', 'GL1_5', 'GL1_5', 'GL1_5', 'GL1_5', 'GL4_1']"
216,8,27,"['GL1_5', 'start_exp', 'GL1_5', 'GL1_5', 'GL1_5', 'GL1_5', 'start_exp', 'end_exp']"
216,8,27,"['GL1_5', 'start_exp', 'GL1_5', 'GL1_5', 'GL1_5', 'start_exp', 'GL1_4', 'GL1_5']"
216,8,27,"['GL1_5', 'start_exp', 'GL1_5', 'GL1_5', 'GL1_5', 'start_exp', 'GL1_4', 'end_exp']"
216,8,27,"['GL1_5', 'start_exp', 'GL1_5', 'GL1_5', 'GL1_5', 'start_exp', 'GL1_5', 'GL1_5']"
216,8,27,"['GL1_5', 'start_exp', 'GL1_5', 'GL1_5', 'GL1_5', 'start_exp', 'GL1_5', 'GL4_1']"
216,8,27,"['GL1_5', 'start_exp', 'GL1_5', 'GL1_5', 'GL1_5', 'start_exp', 'GL1_5', 'end_exp']"
216,8,27,"['GL1_5', 'start_exp', 'GL1_5', 'GL1_5', 'GL1_5', 'start_exp', 'GL1_5', 'start_exp']"
216,8,27,"['GL1_5', 'start_exp', 'GL1_5', 'GL1_5', 'GL1_5', 'start_exp', 'start_exp', 'GL1_5']"
216,8,27,"['GL1_5', 'start_exp', 'GL1_5', 'GL1_5', 'start_exp', 'GL1_5', 'GL1_5', 'GL1_4']"
216,8,27,"['GL1_5', 'start_exp', 'GL1_5', 'GL1_5', 'start_exp', 'GL1_5', 'GL1_5', 'GL4_1']"
216,8,27,"['GL1_5', 'start_exp', 'GL1_5', 'GL1_5', 'start_exp', 'GL1_5', 'start_exp', 'end_exp']"
216,8,27,"['GL1_5', 'start_exp', 'GL1_5', 'GL1_5', 'start_exp', 'start_exp', 'GL1_5', 'end_exp']"
216,8,27,"['GL1_5', 'start_exp', 'GL1_5', 'start_exp', 'GL1_5', 'GL1_5', 'GL1_5', 'GL1_4']"
216,8,27,"['GL1_5', 'start_exp', 'GL1_5', 'start_exp', 'GL1_5', 'GL1_5', 'GL1_5', 'GL1_5']"
216,8,27,"['GL1_5', 'start_exp', 'GL1_5', 'start_exp', 'GL1_5', 'GL1_5', 'GL1_5', 'start_exp']"
216,8,27,"['GL1_5', 'start_exp', 'GL1_5', 'start_exp', 'GL1_5', 'GL1_5', 'start_exp', 'end_exp']"
216,8,27,"['GL1_5', 'start_exp', 'GL1_5', 'start_exp', 'GL1_5', 'start_exp', 'GL1_5', 'end_exp']"
216,8,27,"['GL1_5', 'start_exp', 'start_exp', 'GL1_5', 'GL1_5', 'GL1_5', 'start_exp', 'GL1_5']"
216,8,27,"['GL1_5', 'start_exp', 'start_exp', 'GL1_5', 'GL1_5', 'start_exp', 'GL1_5', 'end_exp']"
216,8,27,"['start_exp', 'GL1_5', 'GL1_4', 'GL1_5', 'GL1_5', 'start_exp', 'GL1_5', 'end_exp']"
216,8,27,"['start_exp', 'GL1_5', 'GL1_5', 'GL1_5', 'GL1_5', 'GL1_5', 'GL1_4', 'GL1_5']"
216,8,27,"['start_exp', 'GL1_5', 'GL1_5', 'GL1_5', 'GL1_5', 'GL1_5', 'GL1_4', 'end_exp']"
216,8,27,"['start_exp', 'GL1_5', 'GL1_5', 'GL1_5', 'GL1_5', 'GL1_5', 'GL1_5', 'GL4_1']"
216,8,27,"['start_exp', 'GL1_5', 'GL1_5', 'GL1_5', 'GL1_5', 'GL1_5', 'start_exp', 'end_exp']"
216,8,27,"['start_exp', 'GL1_5', 'GL1_5', 'GL1_5', 'GL1_5', 'start_exp', 'GL1_4', 'GL1_5']"
216,8,27,"['start_exp', 'GL1_5', 'GL1_5', 'GL1_5', 'GL1_5', 'start_exp', 'GL1_4', 'end_exp']"
216,8,27,"['start_exp', 'GL1_5', 'GL1_5', 'GL1_5', 'GL1_5', 'start_exp', 'GL1_5', 'GL4_1']"
216,8,27,"['start_exp', 'GL1_5', 'GL1_5', 'GL1_5', 'GL1_5', 'start_exp', 'start_exp', 'end_exp']"
216,8,27,"['start_exp', 'GL1_5', 'GL1_5', 'GL1_5', 'start_exp', 'GL1_5', 'GL1_4', 'GL1_5']"
216,8,27,"['start_exp', 'GL1_5', 'GL1_5', 'GL1_5', 'start_exp', 'GL1_5', 'GL1_4', 'end_exp']"
216,8,27,"['start_exp', 'GL1_5', 'GL1_5', 'GL1_5', 'start_exp', 'GL1_5', 'GL1_5', 'GL4_1']"
216,8,27,"['start_exp', 'GL1_5', 'GL1_5', 'GL1_5', 'start_exp', 'GL1_5', 'start_exp', 'GL4_1']"
216,8,27,"['start_exp', 'GL1_5', 'GL1_5', 'GL1_5', 'start_exp', 'GL1_5', 'start_exp', 'end_exp']"
216,8,27,"['start_exp', 'GL1_5', 'GL1_5', 'GL1_5', 'start_exp', 'GL1_5', 'start_exp', 'start_exp']"
216,8,27,"['start_exp', 'GL1_5', 'GL1_5', 'GL1_5', 'start_exp', 'start_exp', 'GL1_4', 'GL1_5']"
216,8,27,"['start_exp', 'GL1_5', 'GL1_5', 'GL1_5', 'start_exp', 'start_exp', 'GL1_5', 'GL1_4']"
216,8,27,"['start_exp', 'GL1_5', 'GL1_5', 'GL1_5', 'start_exp', 'start_exp', 'GL1_5', 'GL1_5']"
216,8,27,"['start_exp', 'GL1_5', 'GL1_5', 'GL1_5', 'start_exp', 'start_exp', 'GL1_5', 'GL4_1']"
216,8,27,"['start_exp', 'GL1_5', 'GL1_5', 'GL1_5', 'start_exp', 'start_exp', 'GL1_5', 'end_exp']"
216,8,27,"['start_exp', 'GL1_5', 'GL1_5', 'GL1_5', 'start_exp', 'start_exp', 'GL1_5', 'start_exp']"
216,8,27,"['start_exp', 'GL1_5', 'GL1_5', 'start_exp', 'GL1_5', 'GL1_5', 'GL1_4', 'GL1_5']"
216,8,27,"['start_exp', 'GL1_5', 'GL1_5', 'start_exp', 'GL1_5', 'GL1_5', 'GL1_4', 'end_exp']"
216,8,27,"['start_exp', 'GL1_5', 'GL1_5', 'start_exp', 'GL1_5', 'GL1_5', 'GL1_5', 'GL4_1']"
216,8,27,"['start_exp', 'GL1_5', 'GL1_5', 'start_exp', 'GL1_5', 'GL1_5', 'start_exp', 'start_exp']"
216,8,27,"['start_exp', 'GL1_5', 'GL1_5', 'start_exp', 'GL1_5', 'start_exp', 'GL1_4', 'GL1_5']"
216,8,27,"['start_exp', 'GL1_5', 'GL1_5', 'start_exp', 'GL1_5', 'start_exp', 'GL1_4', 'end_exp']"
216,8,27,"['start_exp', 'GL1_5', 'GL1_5', 'start_exp', 'GL1_5', 'start_exp', 'GL1_5', 'GL1_4']"
216,8,27,"['start_exp', 'GL1_5', 'GL1_5', 'start_exp', 'GL1_5', 'start_exp', 'GL1_5', 'GL4_1']"
216,8,27,"['start_exp', 'GL1_5', 'GL1_5', 'start_exp', 'GL1_5', 'start_exp', 'start_exp', 'GL1_5']"
216,8,27,"['start_exp', 'GL1_5', 'GL1_5', 'start_exp', 'start_exp', 'GL1_5', 'GL1_5', 'GL1_4']"
216,8,27,"['start_exp', 'GL1_5', 'GL1_5', 'start_exp', 'start_exp', 'GL1_5', 'GL1_5', 'GL4_1']"
216,8,27,"['start_exp', 'GL1_5', 'GL1_5', 'start_exp', 'start_exp', 'GL1_5', 'start_exp', 'GL1_5']"
216,8,27,"['start_exp', 'GL1_5', 'GL1_5', 'start_exp', 'start_exp', 'GL1_5', 'start_exp', 'end_exp']"
216,8,27,"['start_exp', 'GL1_5', 'start_exp', 'GL1_5', 'GL1_5', 'GL1_5', 'GL1_4', 'GL1_5']"
216,8,27,"['start_exp', 'GL1_5', 'start_exp', 'GL1_5', 'GL1_5', 'GL1_5', 'GL1_4', 'end_exp']"
216,8,27,"['start_exp', 'GL1_5', 'start_exp', 'GL1_5', 'GL1_5', 'GL1_5', 'GL1_5', 'GL4_1']"
216,8,27,"['start_exp', 'GL1_5', 'start_exp', 'GL1_5', 'GL1_5', 'GL1_5', 'start_exp', 'GL4_1']"
216,8,27,"['start_exp', 'GL1_5', 'start_exp', 'GL1_5', 'GL1_5', 'start_exp', 'GL1_4', 'GL1_5']"
216,8,27,"['start_exp', 'GL1_5', 'start_exp', 'GL1_5', 'GL1_5', 'start_exp', 'GL1_4', 'end_exp']"
216,8,27,"['start_exp', 'GL1_5', 'start_exp', 'GL1_5', 'GL1_5', 'start_exp', 'GL1_5', 'GL1_4']"
216,8,27,"['start_exp', 'GL1_5', 'start_exp', 'GL1_5', 'GL1_5', 'start_exp', 'GL1_5', 'GL4_1']"
216,8,27,"['start_exp', 'GL1_5', 'start_exp', 'GL1_5', 'start_exp', 'GL1_5', 'GL1_5', 'GL1_4']"
216,8,27,"['start_exp', 'GL1_5', 'start_exp', 'GL1_5', 'start_exp', 'GL1_5', 'GL1_5', 'GL4_1']"
216,8,27,"['start_exp', 'GL1_5', 'start_exp', 'start_exp', 'GL1_5', 'start_exp', 'GL1_5', 'end_exp']"
196,7,28,"['GL1_5', 'GL1_5', 'GL1_5', 'GL1_5', 'GL1_5', 'GL1_5', 'GL1_4']"
196,7,28,"['GL1_5', 'GL1_5', 'GL1_5', 'GL1_5', 'GL1_5', 'GL1_5', 'GL1_5']"
196,7,28,"['GL1_5', 'GL1_5', 'GL1_5', 'GL1_5', 'GL1_5', 'GL1_5', 'end_exp']"
196,7,28,"['GL1_5', 'GL1_5', 'GL1_5', 'GL1_5', 'GL1_5', 'GL1_5', 'start_exp']"
196,7,28,"['GL1_5', 'GL1_5', 'GL1_5', 'GL1_5', 'GL1_5', 'start_exp', 'GL1_4']"
196,7,28,"['GL1_5', 'GL1_5', 'GL1_5', 'GL1_5', 'GL1_5', 'start_exp', 'GL1_5']"
196,7,28,"['GL1_5', 'GL1_5', 'GL1_5', 'GL1_5', 'GL1_5', 'start_exp', 'end_exp']"
196,7,28,"['GL1_5', 'GL1_5', 'GL1_5', 'GL1_5', 'start_exp', 'GL1_5', 'GL1_4']"
196,7,28,"['GL1_5', 'GL1_5', 'GL1_5', 'GL1_5', 'start_exp', 'GL1_5', 'GL1_5']"
196,7,28,"['GL1_5', 'GL1_5', 'GL1_5', 'GL1_5', 'start_exp', 'GL1_5', 'end_exp']"
196,7,28,"['GL1_5', 'GL1_5', 'GL1_5', 'GL1_5', 'start_exp', 'GL1_5', 'start_exp']"
196,7,28,"['GL1_5', 'GL1_5', 'GL1_5', 'GL1_5', 'start_exp', 'start_exp', 'GL1_4']"
196,7,28,"['GL1_5', 'GL1_5', 'GL1_5', 'GL1_5', 'start_exp', 'start_exp', 'GL1_5']"
196,7,28,"['GL1_5', 'GL1_5', 'GL1_5', 'GL1_5', 'start_exp', 'start_exp', 'end_exp']"
196,7,28,"['GL1_5', 'GL1_5', 'GL1_5', 'start_exp', 'GL1_5', 'GL1_5', 'GL1_4']"
196,7,28,"['GL1_5', 'GL1_5', 'GL1_5', 'start_exp', 'GL1_5', 'GL1_5', 'GL1_5']"
196,7,28,"['GL1_5', 'GL1_5', 'GL1_5', 'start_exp', 'GL1_5', 'GL1_5', 'GL4_1']"
196,7,28,"['GL1_5', 'GL1_5', 'GL1_5', 'start_exp', 'GL1_5', 'GL1_5', 'end_exp']"
196,7,28,"['GL1_5', 'GL1_5', 'GL1_5', 'start_exp', 'GL1_5', 'GL1_5', 'start_exp']"
196,7,28,"['GL1_5', 'GL1_5', 'GL1_5', 'start_exp', 'GL1_5', 'start_exp', 'GL1_4']"
196,7,28,"['GL1_5', 'GL1_5', 'GL1_5', 'start_exp', 'GL1_5', 'start_exp', 'GL1_5']"
196,7,28,"['GL1_5', 'GL1_5', 'GL1_5', 'start_exp', 'GL1_5', 'start_exp', 'end_exp']"
196,7,28,"['GL1_5', 'GL1_5', 'GL1_5', 'start_exp', 'GL1_5', 'start_exp', 'start_exp']"
196,7,28,"['GL1_5', 'GL1_5', 'GL1_5', 'start_exp', 'start_exp', 'GL1_5', 'end_exp']"
196,7,28,"['GL1_5', 'GL1_5', 'GL1_5', 'start_exp', 'start_exp', 'GL1_5', 'start_exp']"
196,7,28,"['GL1_5', 'GL1_5', 'start_exp', 'GL1_5', 'GL1_5', 'GL1_5', 'GL1_4']"
196,7,28,"['GL1_5', 'GL1_5', 'start_exp', 'GL1_5', 'GL1_5', 'GL1_5', 'GL1_5']"
196,7,28,"['GL1_5', 'GL1_5', 'start_exp', 'GL1_5', 'GL1_5', 'GL1_5', 'end_exp']"
196,7,28,"['GL1_5', 'GL1_5', 'start_exp', 'GL1_5', 'GL1_5', 'GL1_5', 'start_exp']"
196,7,28,"['GL1_5', 'GL1_5', 'start_exp', 'GL1_5', 'GL1_5', 'start_exp', 'GL1_4']"
196,7,28,"['GL1_5', 'GL1_5', 'start_exp', 'GL1_5', 'GL1_5', 'start_exp', 'GL1_5']"
196,7,28,"['GL1_5', 'GL1_5', 'start_exp', 'GL1_5', 'GL1_5', 'start_exp', 'end_exp']"
196,7,28,"['GL1_5', 'GL1_5', 'start_exp', 'GL1_5', 'start_exp', 'GL1_5', 'GL1_5']"
196,7,28,"['GL1_5', 'GL1_5', 'start_exp', 'GL1_5', 'start_exp', 'GL1_5', 'end_exp']"
196,7,28,"['GL1_5', 'GL1_5', 'start_exp', 'GL1_5', 'start_exp', 'GL1_5', 'start_exp']"
196,7,28,"['GL1_5', 'GL1_5', 'start_exp', 'start_exp', 'GL1_5', 'GL1_5', 'GL1_5']"
196,7,28,"['GL1_5', 'GL1_5', 'start_exp', 'start_exp', 'GL1_5', 'GL1_5', 'end_exp']"
196,7,28,"['GL1_5', 'GL1_5', 'start_exp', 'start_exp', 'GL1_5', 'GL1_5', 'start_exp']"
196,7,28,"['GL1_5', 'start_exp', 'GL1_5', 'GL1_5', 'GL1_5', 'GL1_5', 'GL1_4']"
196,7,28,"['GL1_5', 'start_exp', 'GL1_5', 'GL1_5', 'GL1_5', 'GL1_5', 'GL1_5']"
196,7,28,"['GL1_5', 'start_exp', 'GL1_5', 'GL1_5', 'GL1_5', 'GL1_5', 'end_exp']"
196,7,28,"['GL1_5', 'start_exp', 'GL1_5', 'GL1_5', 'GL1_5', 'GL1_5', 'start_exp']"
196,7,28,"['GL1_5', 'start_exp', 'GL1_5', 'GL1_5', 'GL1_5', 'start_exp', 'GL1_4']"
196,7,28,"['GL1_5', 'start_exp', 'GL1_5', 'GL1_5', 'GL1_5', 'start_exp', 'GL1_5']"
196,7,28,"['GL1_5', 'start_exp', 'GL1_5', 'GL1_5', 'start_exp', 'GL1_5', 'GL1_5']"
196,7,28,"['GL1_5', 'start_exp', 'GL1_5', 'GL1_5', 'start_exp', 'GL1_5', 'end_exp']"
196,7,28,"['GL1_5', 'start_exp', 'GL1_5', 'GL1_5', 'start_exp', 'GL1_5', 'start_exp']"
196,7,28,"['GL1_5', 'start_exp', 'GL1_5', 'GL1_5', 'start_exp', 'start_exp', 'GL1_5']"
196,7,28,"['GL1_5', 'start_exp', 'GL1_5', 'start_exp', 'GL1_5', 'GL1_5', 'GL1_5']"
196,7,28,"['GL1_5', 'start_exp', 'GL1_5', 'start_exp', 'GL1_5', 'GL1_5', 'end_exp']"
196,7,28,"['GL1_5', 'start_exp', 'GL1_5', 'start_exp', 'GL1_5', 'GL1_5', 'start_exp']"
196,7,28,"['GL1_5', 'start_exp', 'GL1_5', 'start_exp', 'GL1_5', 'start_exp', 'GL1_5']"
196,7,28,"['GL1_5', 'start_exp', 'start_exp', 'GL1_5', 'GL1_5', 'GL1_5', 'end_exp']"
196,7,28,"['GL1_5', 'start_exp', 'start_exp', 'GL1_5', 'GL1_5', 'start_exp', 'GL1_5']"
196,7,28,"['start_exp', 'GL1_5', 'GL1_5', 'GL1_5', 'GL1_5', 'GL1_5', 'GL1_4']"
196,7,28,"['start_exp', 'GL1_5', 'GL1_5', 'GL1_5', 'GL1_5', 'GL1_5', 'GL1_5']"
196,7,28,"['start_exp', 'GL1_5', 'GL1_5', 'GL1_5', 'GL1_5', 'GL1_5', 'end_exp']"
196,7,28,"['start_exp', 'GL1_5', 'GL1_5', 'GL1_5', 'GL1_5', 'GL1_5', 'start_exp']"
196,7,28,"['start_exp', 'GL1_5', 'GL1_5', 'GL1_5', 'GL1_5', 'start_exp', 'GL1_4']"
196,7,28,"['start_exp', 'GL1_5', 'GL1_5', 'GL1_5', 'GL1_5', 'start_exp', 'GL1_5']"
196,7,28,"['start_exp', 'GL1_5', 'GL1_5', 'GL1_5', 'GL1_5', 'start_exp', 'end_exp']"
196,7,28,"['start_exp', 'GL1_5', 'GL1_5', 'GL1_5', 'GL1_5', 'start_exp', 'start_exp']"
196,7,28,"['start_exp', 'GL1_5', 'GL1_5', 'GL1_5', 'start_exp', 'GL1_5', 'GL1_4']"
196,7,28,"['start_exp', 'GL1_5', 'GL1_5', 'GL1_5', 'start_exp', 'GL1_5', 'GL1_5']"
196,7,28,"['start_exp', 'GL1_5', 'GL1_5', 'GL1_5', 'start_exp', 'GL1_5', 'end_exp']"
196,7,28,"['start_exp', 'GL1_5', 'GL1_5', 'GL1_5', 'start_exp', 'GL1_5', 'start_exp']"
196,7,28,"['start_exp', 'GL1_5', 'GL1_5', 'GL1_5', 'start_exp', 'start_exp', 'GL1_4']"
196,7,28,"['start_exp', 'GL1_5', 'GL1_5', 'GL1_5', 'start_exp', 'start_exp', 'GL1_5']"
196,7,28,"['start_exp', 'GL1_5', 'GL1_5', 'start_exp', 'GL1_5', 'GL1_5', 'GL1_4']"
196,7,28,"['start_exp', 'GL1_5', 'GL1_5', 'start_exp', 'GL1_5', 'GL1_5', 'GL1_5']"
196,7,28,"['start_exp', 'GL1_5', 'GL1_5', 'start_exp', 'GL1_5', 'GL1_5', 'end_exp']"
196,7,28,"['start_exp', 'GL1_5', 'GL1_5', 'start_exp', 'GL1_5', 'GL1_5', 'start_exp']"
196,7,28,"['start_exp', 'GL1_5', 'GL1_5', 'start_exp', 'GL1_5', 'start_exp', 'GL1_4']"
196,7,28,"['start_exp', 'GL1_5', 'GL1_5', 'start_exp', 'GL1_5', 'start_exp', 'GL1_5']"
196,7,28,"['start_exp', 'GL1_5', 'GL1_5', 'start_exp', 'GL1_5', 'start_exp', 'end_exp']"
196,7,28,"['start_exp', 'GL1_5', 'GL1_5', 'start_exp', 'GL1_5', 'start_exp', 'start_exp']"
196,7,28,"['start_exp', 'GL1_5', 'GL1_5', 'start_exp', 'start_exp', 'GL1_5', 'GL1_5']"
196,7,28,"['start_exp', 'GL1_5', 'GL1_5', 'start_exp', 'start_exp', 'GL1_5', 'end_exp']"
196,7,28,"['start_exp', 'GL1_5', 'GL1_5', 'start_exp', 'start_exp', 'GL1_5', 'start_exp']"
196,7,28,"['start_exp', 'GL1_5', 'start_exp', 'GL1_5', 'GL1_5', 'GL1_5', 'GL1_4']"
196,7,28,"['start_exp', 'GL1_5', 'start_exp', 'GL1_5', 'GL1_5', 'GL1_5', 'GL1_5']"
196,7,28,"['start_exp', 'GL1_5', 'start_exp', 'GL1_5', 'GL1_5', 'GL1_5', 'end_exp']"
196,7,28,"['start_exp', 'GL1_5', 'start_exp', 'GL1_5', 'GL1_5', 'GL1_5', 'start_exp']"
196,7,28,"['start_exp', 'GL1_5', 'start_exp', 'GL1_5', 'GL1_5', 'start_exp', 'GL1_4']"
196,7,28,"['start_exp', 'GL1_5', 'start_exp', 'GL1_5', 'GL1_5', 'start_exp', 'GL1_5']"
196,7,28,"['start_exp', 'GL1_5', 'start_exp', 'GL1_5', 'GL1_5', 'start_exp', 'end_exp']"
196,7,28,"['start_exp', 'GL1_5', 'start_exp', 'GL1_5', 'GL1_5', 'start_exp', 'start_exp']"
196,7,28,"['start_exp', 'GL1_5', 'start_exp', 'GL1_5', 'start_exp', 'GL1_5', 'GL1_5']"
196,7,28,"['start_exp', 'GL1_5', 'start_exp', 'GL1_5', 'start_exp', 'GL1_5', 'end_exp']"
196,7,28,"['start_exp', 'GL1_5', 'start_exp', 'GL1_5', 'start_exp', 'GL1_5', 'start_exp']"
196,7,28,"['start_exp', 'GL1_5', 'start_exp', 'GL1_5', 'start_exp', 'start_exp', 'GL1_5']"
196,7,28,"['start_exp', 'GL1_5', 'start_exp', 'start_exp', 'GL1_5', 'GL1_5', 'GL1_5']"
196,7,28,"['start_exp', 'GL1_5', 'start_exp', 'start_exp', 'GL1_5', 'GL1_5', 'end_exp']"
196,7,28,"['start_exp', 'GL1_5', 'start_exp', 'start_exp', 'GL1_5', 'GL1_5', 'start_exp']"
196,7,28,"['start_exp', 'GL1_5', 'start_exp', 'start_exp', 'GL1_5', 'start_exp', 'GL1_5']"
196,7,28,"['start_exp', 'start_exp', 'GL1_5', 'GL1_5', 'GL1_5', 'GL1_5', 'GL1_4']"
196,7,28,"['start_exp', 'start_exp', 'GL1_5', 'GL1_5', 'GL1_5', 'GL1_5', 'GL1_5']"
196,7,28,"['start_exp', 'start_exp', 'GL1_5', 'GL1_5', 'GL1_5', 'GL1_5', 'end_exp']"
196,7,28,"['start_exp', 'start_exp', 'GL1_5', 'GL1_5', 'GL1_5', 'GL1_5', 'start_exp']"
196,7,28,"['start_exp', 'start_exp', 'GL1_5', 'GL1_5', 'GL1_5', 'start_exp', 'GL1_4']"
196,7,28,"['start_exp', 'start_exp', 'GL1_5', 'GL1_5', 'GL1_5', 'start_exp', 'GL1_5']"
196,7,28,"['start_exp', 'start_exp', 'GL1_5', 'GL1_5', 'start_exp', 'GL1_5', 'GL1_4']"
196,7,28,"['start_exp', 'start_exp', 'GL1_5', 'GL1_5', 'start_exp', 'GL1_5', 'GL1_5']"
196,7,28,"['start_exp', 'start_exp', 'GL1_5', 'GL1_5', 'start_exp', 'GL1_5', 'end_exp']"
196,7,28,"['start_exp', 'start_exp', 'GL1_5', 'GL1_5', 'start_exp', 'GL1_5', 'start_exp']"
196,7,28,"['start_exp', 'start_exp', 'GL1_5', 'GL1_5', 'start_exp', 'start_exp', 'GL1_5']"
196,7,28,"['start_exp', 'start_exp', 'GL1_5', 'start_exp', 'GL1_5', 'GL1_5', 'GL1_4']"
196,7,28,"['start_exp', 'start_exp', 'GL1_5', 'start_exp', 'GL1_5', 'GL1_5', 'GL1_5']"
196,7,28,"['start_exp', 'start_exp', 'GL1_5', 'start_exp', 'GL1_5', 'GL1_5', 'end_exp']"
196,7,28,"['start_exp', 'start_exp', 'GL1_5', 'start_exp', 'GL1_5', 'GL1_5', 'start_exp']"
196,7,28,"['start_exp', 'start_exp', 'GL1_5', 'start_exp', 'GL1_5', 'start_exp', 'GL1_5']"
196,7,28,"['start_exp', 'start_exp', 'start_exp', 'GL1_5', 'GL1_5', 'GL1_5', 'GL1_4']"
196,7,28,"['start_exp', 'start_exp', 'start_exp', 'GL1_5', 'GL1_5', 'GL1_5', 'GL1_5']"
196,7,28,"['start_exp', 'start_exp', 'start_exp', 'GL1_5', 'GL1_5', 'GL1_5', 'end_exp']"
196,7,28,"['start_exp', 'start_exp', 'start_exp', 'GL1_5', 'GL1_5', 'GL1_5', 'start_exp']"
196,7,28,"['start_exp', 'start_exp', 'start_exp', 'GL1_5', 'GL1_5', 'start_exp', 'GL1_5']"
189,7,27,"['GL1_5', 'GL1_5', 'GL1_5', 'GL1_5', 'GL4_1', 'GL4_1&GL1_8', 'end_exp']"
189,7,27,"['GL1_5', 'GL1_5', 'GL1_5', 'GL1_5', 'start_exp', 'GL1_4', 'GL1_5']"
189,7,27,"['GL1_5', 'GL1_5', 'GL1_5', 'GL1_5', 'start_exp', 'GL1_4', 'end_exp']"
189,7,27,"['GL1_5', 'GL1_5', 'GL1_5', 'GL1_5', 'start_exp', 'GL1_5', 'GL4_1']"
189,7,27,"['GL1_5', 'GL1_5', 'GL1_5', 'start_exp', 'GL1_5', 'GL1_4', 'GL1_5']"
189,7,27,"['GL1_5', 'GL1_5', 'GL1_5', 'start_exp', 'GL1_5', 'GL1_4', 'end_exp']"
189,7,27,"['GL1_5', 'GL1_5', 'GL1_5', 'start_exp', 'GL1_5', 'GL1_5', 'GL4_1&GL1_8']"
189,7,27,"['GL1_5', 'GL1_5', 'GL1_5', 'start_exp', 'GL1_5', 'GL4_1', 'GL4_1&GL1_8']"
189,7,27,"['GL1_5', 'GL1_5', 'GL1_5', 'start_exp', 'GL1_5', 'GL4_1', 'end_exp']"
189,7,27,"['GL1_5', 'GL1_5', 'GL1_5', 'start_exp', 'GL1_5', 'GL4_1&GL1_8', 'end_exp']"
189,7,27,"['GL1_5', 'GL1_5', 'GL1_5', 'start_exp', 'GL1_5', 'start_exp', 'GL4_1']"
189,7,27,"['GL1_5', 'GL1_5', 'GL1_5', 'start_exp', 'GL4_1', 'GL4_1&GL1_8', 'end_exp']"
189,7,27,"['GL1_5', 'GL1_5', 'GL1_5', 'start_exp', 'start_exp', 'GL1_4', 'GL1_5']"
189,7,27,"['GL1_5', 'GL1_5', 'GL1_5', 'start_exp', 'start_exp', 'GL1_4', 'end_exp']"
189,7,27,"['GL1_5', 'GL1_5', 'GL1_5', 'start_exp', 'start_exp', 'GL1_5', 'GL1_4']"
189,7,27,"['GL1_5', 'GL1_5', 'GL1_5', 'start_exp', 'start_exp', 'GL1_5', 'GL1_5']"
189,7,27,"['GL1_5', 'GL1_5', 'GL1_5', 'start_exp', 'start_exp', 'GL1_5', 'GL4_1']"
189,7,27,"['GL1_5', 'GL1_5', 'start_exp', 'GL1_5', 'GL1_5', 'GL1_4', 'GL1_5']"
189,7,27,"['GL1_5', 'GL1_5', 'start_exp', 'GL1_5', 'GL1_5', 'GL1_4', 'end_exp']"
189,7,27,"['GL1_5', 'GL1_5', 'start_exp', 'GL1_5', 'GL1_5', 'GL1_5', 'GL4_1']"
189,7,27,"['GL1_5', 'GL1_5', 'start_exp', 'GL1_5', 'GL1_5', 'GL4_1', 'GL4_1&GL1_8']"
189,7,27,"['GL1_5', 'GL1_5', 'start_exp', 'GL1_5', 'GL1_5', 'GL4_1', 'end_exp']"
189,7,27,"['GL1_5', 'GL1_5', 'start_exp', 'GL1_5', 'GL1_5', 'GL4_1&GL1_8', 'end_exp']"
189,7,27,"['GL1_5', 'GL1_5', 'start_exp', 'GL1_5', 'GL1_5', 'start_exp', 'start_exp']"
189,7,27,"['GL1_5', 'GL1_5', 'start_exp', 'GL1_5', 'GL4_1', 'GL4_1&GL1_8', 'end_exp']"
189,7,27,"['GL1_5', 'GL1_5', 'start_exp', 'GL1_5', 'start_exp', 'GL1_4', 'GL1_5']"
189,7,27,"['GL1_5', 'GL1_5', 'start_exp', 'GL1_5', 'start_exp', 'GL1_4', 'end_exp']"
189,7,27,"['GL1_5', 'GL1_5', 'start_exp', 'GL1_5', 'start_exp', 'GL1_5', 'GL1_4']"
189,7,27,"['GL1_5', 'GL1_5', 'start_exp', 'GL1_5', 'start_exp', 'GL1_5', 'GL4_1']"
189,7,27,"['GL1_5', 'GL1_5', 'start_exp', 'GL1_5', 'start_exp', 'start_exp', 'GL1_5']"
189,7,27,"['GL1_5', 'GL1_5', 'start_exp', 'GL1_5', 'start_exp', 'start_exp', 'end_exp']"
189,7,27,"['GL1_5', 'GL1_5', 'start_exp', 'start_exp', 'GL1_5', 'GL1_5', 'GL1_4']"
189,7,27,"['GL1_5', 'GL1_5', 'start_exp', 'start_exp', 'GL1_5', 'GL1_5', 'GL4_1']"
189,7,27,"['GL1_5', 'GL1_5', 'start_exp', 'start_exp', 'GL1_5', 'start_exp', 'GL1_5']"
189,7,27,"['GL1_5', 'GL1_5', 'start_exp', 'start_exp', 'GL1_5', 'start_exp', 'end_exp']"
189,7,27,"['GL1_5', 'start_exp', 'GL1_5', 'GL1_5', 'GL1_5', 'GL1_4', 'GL1_5']"
189,7,27,"['GL1_5', 'start_exp', 'GL1_5', 'GL1_5', 'GL1_5', 'GL1_4', 'end_exp']"
189,7,27,"['GL1_5', 'start_exp', 'GL1_5', 'GL1_5', 'GL1_5', 'GL1_5', 'GL4_1']"
189,7,27,"['GL1_5', 'start_exp', 'GL1_5', 'GL1_5', 'GL1_5', 'start_exp', 'GL4_1']"
189,7,27,"['GL1_5', 'start_exp', 'GL1_5', 'GL1_5', 'GL1_5', 'start_exp', 'end_exp']"
189,7,27,"['GL1_5', 'start_exp', 'GL1_5', 'GL1_5', 'GL1_5', 'start_exp', 'start_exp']"
189,7,27,"['GL1_5', 'start_exp', 'GL1_5', 'GL1_5', 'GL4_1', 'GL4_1&GL1_8', 'end_exp']"
189,7,27,"['GL1_5', 'start_exp', 'GL1_5', 'GL1_5', 'start_exp', 'GL1_4', 'GL1_5']"
189,7,27,"['GL1_5', 'start_exp', 'GL1_5', 'GL1_5', 'start_exp', 'GL1_4', 'end_exp']"
189,7,27,"['GL1_5', 'start_exp', 'GL1_5', 'GL1_5', 'start_exp', 'GL1_5', 'GL1_4']"
189,7,27,"['GL1_5', 'start_exp', 'GL1_5', 'GL1_5', 'start_exp', 'GL1_5', 'GL4_1']"
189,7,27,"['GL1_5', 'start_exp', 'GL1_5', 'GL1_5', 'start_exp', 'start_exp', 'end_exp']"
189,7,27,"['GL1_5', 'start_exp', 'GL1_5', 'start_exp', 'GL1_5', 'GL1_5', 'GL1_4']"
189,7,27,"['GL1_5', 'start_exp', 'GL1_5', 'start_exp', 'GL1_5', 'GL1_5', 'GL4_1']"
189,7,27,"['GL1_5', 'start_exp', 'GL1_5', 'start_exp', 'GL1_5', 'start_exp', 'end_exp']"
189,7,27,"['GL1_5', 'start_exp', 'GL1_5', 'start_exp', 'start_exp', 'GL1_5', 'end_exp']"
189,7,27,"['GL1_5', 'start_exp', 'start_exp', 'GL1_5', 'GL1_5', 'GL1_5', 'GL1_4']"
189,7,27,"['GL1_5', 'start_exp', 'start_exp', 'GL1_5', 'GL1_5', 'GL1_5', 'GL1_5']"
189,7,27,"['GL1_5', 'start_exp', 'start_exp', 'GL1_5', 'GL1_5', 'GL1_5', 'start_exp']"
189,7,27,"['GL1_5', 'start_exp', 'start_exp', 'GL1_5', 'GL1_5', 'start_exp', 'end_exp']"
189,7,27,"['GL1_5', 'start_exp', 'start_exp', 'GL1_5', 'start_exp', 'GL1_5', 'end_exp']"
189,7,27,"['start_exp', 'GL1_4', 'GL1_5', 'GL1_5', 'start_exp', 'GL1_5', 'end_exp']"
189,7,27,"['start_exp', 'GL1_5', 'GL1_4', 'GL1_5', 'GL1_5', 'GL1_5', 'end_exp']"
189,7,27,"['start_exp', 'GL1_5', 'GL1_4', 'GL1_5', 'GL1_5', 'start_exp', 'GL1_5']"
189,7,27,"['start_exp', 'GL1_5', 'GL1_4', 'GL1_5', 'GL1_5', 'start_exp', 'end_exp']"
189,7,27,"['start_exp', 'GL1_5', 'GL1_4', 'GL1_5', 'start_exp', 'GL1_5', 'end_exp']"
189,7,27,"['start_exp', 'GL1_5', 'GL1_5', 'GL1_5', 'GL1_5', 'GL1_4', 'GL1_5']"
189,7,27,"['start_exp', 'GL1_5', 'GL1_5', 'GL1_5', 'GL1_5', 'GL1_4', 'end_exp']"
189,7,27,"['start_exp', 'GL1_5', 'GL1_5', 'GL1_5', 'GL1_5', 'GL1_5', 'GL4_1']"
189,7,27,"['start_exp', 'GL1_5', 'GL1_5', 'GL1_5', 'GL1_5', 'start_exp', 'GL4_1']"
189,7,27,"['start_exp', 'GL1_5', 'GL1_5', 'GL1_5', 'start_exp', 'GL1_4', 'GL1_5']"
189,7,27,"['start_exp', 'GL1_5', 'GL1_5', 'GL1_5', 'start_exp', 'GL1_4', 'end_exp']"
189,7,27,"['start_exp', 'GL1_5', 'GL1_5', 'GL1_5', 'start_exp', 'GL1_5', 'GL4_1']"
189,7,27,"['start_exp', 'GL1_5', 'GL1_5', 'GL1_5', 'start_exp', 'start_exp', 'GL4_1']"
189,7,27,"['start_exp', 'GL1_5', 'GL1_5', 'GL1_5', 'start_exp', 'start_exp', 'end_exp']"
189,7,27,"['start_exp', 'GL1_5', 'GL1_5', 'GL1_5', 'start_exp', 'start_exp', 'start_exp']"
189,7,27,"['start_exp', 'GL1_5', 'GL1_5', 'start_exp', 'GL1_5', 'GL1_4', 'GL1_5']"
189,7,27,"['start_exp', 'GL1_5', 'GL1_5', 'start_exp', 'GL1_5', 'GL1_4', 'end_exp']"
189,7,27,"['start_exp', 'GL1_5', 'GL1_5', 'start_exp', 'GL1_5', 'GL1_5', 'GL4_1']"
189,7,27,"['start_exp', 'GL1_5', 'GL1_5', 'start_exp', 'GL1_5', 'start_exp', 'GL4_1']"
189,7,27,"['start_exp', 'GL1_5', 'GL1_5', 'start_exp', 'start_exp', 'GL1_4', 'GL1_5']"
189,7,27,"['start_exp', 'GL1_5', 'GL1_5', 'start_exp', 'start_exp', 'GL1_4', 'end_exp']"
189,7,27,"['start_exp', 'GL1_5', 'GL1_5', 'start_exp', 'start_exp', 'GL1_5', 'GL1_4']"
189,7,27,"['start_exp', 'GL1_5', 'GL1_5', 'start_exp', 'start_exp', 'GL1_5', 'GL4_1']"
189,7,27,"['start_exp', 'GL1_5', 'GL1_5', 'start_exp', 'start_exp', 'start_exp', 'GL1_5']"
189,7,27,"['start_exp', 'GL1_5', 'GL1_5', 'start_exp', 'start_exp', 'start_exp', 'end_exp']"
189,7,27,"['start_exp', 'GL1_5', 'start_exp', 'GL1_5', 'GL1_5', 'GL1_4', 'GL1_5']"
189,7,27,"['start_exp', 'GL1_5', 'start_exp', 'GL1_5', 'GL1_5', 'GL1_4', 'end_exp']"
189,7,27,"['start_exp', 'GL1_5', 'start_exp', 'GL1_5', 'GL1_5', 'GL1_5', 'GL4_1']"
189,7,27,"['start_exp', 'GL1_5', 'start_exp', 'GL1_5', 'GL1_5', 'start_exp', 'GL4_1']"
189,7,27,"['start_exp', 'GL1_5', 'start_exp', 'GL1_5', 'start_exp', 'GL1_4', 'GL1_5']"
189,7,27,"['start_exp', 'GL1_5', 'start_exp', 'GL1_5', 'start_exp', 'GL1_4', 'end_exp']"
189,7,27,"['start_exp', 'GL1_5', 'start_exp', 'GL1_5', 'start_exp', 'GL1_5', 'GL1_4']"
189,7,27,"['start_exp', 'GL1_5', 'start_exp', 'GL1_5', 'start_exp', 'GL1_5', 'GL4_1']"
189,7,27,"['start_exp', 'GL1_5', 'start_exp', 'start_exp', 'GL1_5', 'start_exp', 'end_exp']"
189,7,27,"['start_exp', 'GL1_5', 'start_exp', 'start_exp', 'start_exp', 'GL1_5', 'end_exp']"
168,6,28,"['GL1_5', 'GL1_5', 'GL1_5', 'GL1_5', 'GL1_5', 'GL1_4']"
168,6,28,"['GL1_5', 'GL1_5', 'GL1_5', 'GL1_5', 'GL1_5', 'GL1_5']"
168,6,28,"['GL1_5', 'GL1_5', 'GL1_5', 'GL1_5', 'GL1_5', 'GL4_1']"
168,6,28,"['GL1_5', 'GL1_5', 'GL1_5', 'GL1_5', 'GL1_5', 'end_exp']"
168,6,28,"['GL1_5', 'GL1_5', 'GL1_5', 'GL1_5', 'GL1_5', 'start_exp']"
168,6,28,"['GL1_5', 'GL1_5', 'GL1_5', 'GL1_5', 'start_exp', 'GL1_4']"
168,6,28,"['GL1_5', 'GL1_5', 'GL1_5', 'GL1_5', 'start_exp', 'GL1_5']"
168,6,28,"['GL1_5', 'GL1_5', 'GL1_5', 'GL1_5', 'start_exp', 'end_exp']"
168,6,28,"['GL1_5', 'GL1_5', 'GL1_5', 'GL1_5', 'start_exp', 'start_exp']"
168,6,28,"['GL1_5', 'GL1_5', 'GL1_5', 'start_exp', 'GL1_5', 'GL1_4']"
168,6,28,"['GL1_5', 'GL1_5', 'GL1_5', 'start_exp', 'GL1_5', 'GL1_5']"
168,6,28,"['GL1_5', 'GL1_5', 'GL1_5', 'start_exp', 'GL1_5', 'GL4_1']"
168,6,28,"['GL1_5', 'GL1_5', 'GL1_5', 'start_exp', 'GL1_5', 'end_exp']"
168,6,28,"['GL1_5', 'GL1_5', 'GL1_5', 'start_exp', 'GL1_5', 'start_exp']"
168,6,28,"['GL1_5', 'GL1_5', 'GL1_5', 'start_exp', 'start_exp', 'GL1_4']"
168,6,28,"['GL1_5', 'GL1_5', 'GL1_5', 'start_exp', 'start_exp', 'GL1_5']"
168,6,28,"['GL1_5', 'GL1_5', 'GL1_5', 'start_exp', 'start_exp', 'end_exp']"
168,6,28,"['GL1_5', 'GL1_5', 'GL1_5', 'start_exp', 'start_exp', 'start_exp']"
168,6,28,"['GL1_5', 'GL1_5', 'start_exp', 'GL1_5', 'GL1_5', 'GL1_4']"
168,6,28,"['GL1_5', 'GL1_5', 'start_exp', 'GL1_5', 'GL1_5', 'GL1_5']"
168,6,28,"['GL1_5', 'GL1_5', 'start_exp', 'GL1_5', 'GL1_5', 'GL4_1']"
168,6,28,"['GL1_5', 'GL1_5', 'start_exp', 'GL1_5', 'GL1_5', 'end_exp']"
168,6,28,"['GL1_5', 'GL1_5', 'start_exp', 'GL1_5', 'GL1_5', 'start_exp']"
168,6,28,"['GL1_5', 'GL1_5', 'start_exp', 'GL1_5', 'start_exp', 'GL1_4']"
168,6,28,"['GL1_5', 'GL1_5', 'start_exp', 'GL1_5', 'start_exp', 'GL1_5']"
168,6,28,"['GL1_5', 'GL1_5', 'start_exp', 'GL1_5', 'start_exp', 'end_exp']"
168,6,28,"['GL1_5', 'GL1_5', 'start_exp', 'GL1_5', 'start_exp', 'start_exp']"
168,6,28,"['GL1_5', 'GL1_5', 'start_exp', 'start_exp', 'GL1_5', 'GL1_5']"
168,6,28,"['GL1_5', 'GL1_5', 'start_exp', 'start_exp', 'GL1_5', 'end_exp']"
168,6,28,"['GL1_5', 'GL1_5', 'start_exp', 'start_exp', 'GL1_5', 'start_exp']"
168,6,28,"['GL1_5', 'start_exp', 'GL1_5', 'GL1_5', 'GL1_5', 'GL1_4']"
168,6,28,"['GL1_5', 'start_exp', 'GL1_5', 'GL1_5', 'GL1_5', 'GL1_5']"
168,6,28,"['GL1_5', 'start_exp', 'GL1_5', 'GL1_5', 'GL1_5', 'end_exp']"
168,6,28,"['GL1_5', 'start_exp', 'GL1_5', 'GL1_5', 'GL1_5', 'start_exp']"
168,6,28,"['GL1_5', 'start_exp', 'GL1_5', 'GL1_5', 'start_exp', 'GL1_4']"
168,6,28,"['GL1_5', 'start_exp', 'GL1_5', 'GL1_5', 'start_exp', 'GL1_5']"
168,6,28,"['GL1_5', 'start_exp', 'GL1_5', 'GL1_5', 'start_exp', 'end_exp']"
168,6,28,"['GL1_5', 'start_exp', 'GL1_5', 'GL1_5', 'start_exp', 'start_exp']"
168,6,28,"['GL1_5', 'start_exp', 'GL1_5', 'start_exp', 'GL1_5', 'GL1_5']"
168,6,28,"['GL1_5', 'start_exp', 'GL1_5', 'start_exp', 'GL1_5', 'end_exp']"
168,6,28,"['GL1_5', 'start_exp', 'GL1_5', 'start_exp', 'GL1_5', 'start_exp']"
168,6,28,"['GL1_5', 'start_exp', 'GL1_5', 'start_exp', 'start_exp', 'GL1_5']"
168,6,28,"['GL1_5', 'start_exp', 'start_exp', 'GL1_5', 'GL1_5', 'GL1_5']"
168,6,28,"['GL1_5', 'start_exp', 'start_exp', 'GL1_5', 'GL1_5', 'end_exp']"
168,6,28,"['GL1_5', 'start_exp', 'start_exp', 'GL1_5', 'GL1_5', 'start_exp']"
168,6,28,"['GL1_5', 'start_exp', 'start_exp', 'GL1_5', 'start_exp', 'GL1_5']"
168,6,28,"['start_exp', 'GL1_5', 'GL1_5', 'GL1_5', 'GL1_5', 'GL1_4']"
168,6,28,"['start_exp', 'GL1_5', 'GL1_5', 'GL1_5', 'GL1_5', 'GL1_5']"
168,6,28,"['start_exp', 'GL1_5', 'GL1_5', 'GL1_5', 'GL1_5', 'end_exp']"
168,6,28,"['start_exp', 'GL1_5', 'GL1_5', 'GL1_5', 'GL1_5', 'start_exp']"
168,6,28,"['start_exp', 'GL1_5', 'GL1_5', 'GL1_5', 'start_exp', 'GL1_4']"
168,6,28,"['start_exp', 'GL1_5', 'GL1_5', 'GL1_5', 'start_exp', 'GL1_5']"
168,6,28,"['start_exp', 'GL1_5', 'GL1_5', 'GL1_5', 'start_exp', 'end_exp']"
168,6,28,"['start_exp', 'GL1_5', 'GL1_5', 'GL1_5', 'start_exp', 'start_exp']"
168,6,28,"['start_exp', 'GL1_5', 'GL1_5', 'start_exp', 'GL1_5', 'GL1_4']"
168,6,28,"['start_exp', 'GL1_5', 'GL1_5', 'start_exp', 'GL1_5', 'GL1_5']"
168,6,28,"['start_exp', 'GL1_5', 'GL1_5', 'start_exp', 'GL1_5', 'end_exp']"
168,6,28,"['start_exp', 'GL1_5', 'GL1_5', 'start_exp', 'GL1_5', 'start_exp']"
168,6,28,"['start_exp', 'GL1_5', 'GL1_5', 'start_exp', 'start_exp', 'GL1_4']"
168,6,28,"['start_exp', 'GL1_5', 'GL1_5', 'start_exp', 'start_exp', 'GL1_5']"
168,6,28,"['start_exp', 'GL1_5', 'GL1_5', 'start_exp', 'start_exp', 'end_exp']"
168,6,28,"['start_exp', 'GL1_5', 'GL1_5', 'start_exp', 'start_exp', 'start_exp']"
168,6,28,"['start_exp', 'GL1_5', 'start_exp', 'GL1_5', 'GL1_5', 'GL1_4']"
168,6,28,"['start_exp', 'GL1_5', 'start_exp', 'GL1_5', 'GL1_5', 'GL1_5']"
168,6,28,"['start_exp', 'GL1_5', 'start_exp', 'GL1_5', 'GL1_5', 'end_exp']"
168,6,28,"['start_exp', 'GL1_5', 'start_exp', 'GL1_5', 'GL1_5', 'start_exp']"
168,6,28,"['start_exp', 'GL1_5', 'start_exp', 'GL1_5', 'start_exp', 'GL1_4']"
168,6,28,"['start_exp', 'GL1_5', 'start_exp', 'GL1_5', 'start_exp', 'GL1_5']"
168,6,28,"['start_exp', 'GL1_5', 'start_exp', 'GL1_5', 'start_exp', 'end_exp']"
168,6,28,"['start_exp', 'GL1_5', 'start_exp', 'GL1_5', 'start_exp', 'start_exp']"
168,6,28,"['start_exp', 'GL1_5', 'start_exp', 'start_exp', 'GL1_5', 'GL1_5']"
168,6,28,"['start_exp', 'GL1_5', 'start_exp', 'start_exp', 'GL1_5', 'end_exp']"
168,6,28,"['start_exp', 'GL1_5', 'start_exp', 'start_exp', 'GL1_5', 'start_exp']"
168,6,28,"['start_exp', 'GL1_5', 'start_exp', 'start_exp', 'start_exp', 'GL1_5']"
168,6,28,"['start_exp', 'start_exp', 'GL1_5', 'GL1_5', 'GL1_5', 'GL1_4']"
168,6,28,"['start_exp', 'start_exp', 'GL1_5', 'GL1_5', 'GL1_5', 'GL1_5']"
168,6,28,"['start_exp', 'start_exp', 'GL1_5', 'GL1_5', 'GL1_5', 'end_exp']"
168,6,28,"['start_exp', 'start_exp', 'GL1_5', 'GL1_5', 'GL1_5', 'start_exp']"
168,6,28,"['start_exp', 'start_exp', 'GL1_5', 'GL1_5', 'start_exp', 'GL1_4']"
168,6,28,"['start_exp', 'start_exp', 'GL1_5', 'GL1_5', 'start_exp', 'GL1_5']"
168,6,28,"['start_exp', 'start_exp', 'GL1_5', 'GL1_5', 'start_exp', 'end_exp']"
168,6,28,"['start_exp', 'start_exp', 'GL1_5', 'GL1_5', 'start_exp', 'start_exp']"
168,6,28,"['start_exp', 'start_exp', 'GL1_5', 'start_exp', 'GL1_5', 'GL1_4']"
168,6,28,"['start_exp', 'start_exp', 'GL1_5', 'start_exp', 'GL1_5', 'GL1_5']"
168,6,28,"['start_exp', 'start_exp', 'GL1_5', 'start_exp', 'GL1_5', 'end_exp']"
168,6,28,"['start_exp', 'start_exp', 'GL1_5', 'start_exp', 'GL1_5', 'start_exp']"
168,6,28,"['start_exp', 'start_exp', 'GL1_5', 'start_exp', 'start_exp', 'GL1_5']"
168,6,28,"['start_exp', 'start_exp', 'start_exp', 'GL1_5', 'GL1_5', 'GL1_4']"
168,6,28,"['start_exp', 'start_exp', 'start_exp', 'GL1_5', 'GL1_5', 'GL1_5']"
168,6,28,"['start_exp', 'start_exp', 'start_exp', 'GL1_5', 'GL1_5', 'end_exp']"
168,6,28,"['start_exp', 'start_exp', 'start_exp', 'GL1_5', 'GL1_5', 'start_exp']"
168,6,28,"['start_exp', 'start_exp', 'start_exp', 'GL1_5', 'start_exp', 'GL1_5']"
162,6,27,"['GL1_5', 'GL1_5', 'GL1_5', 'GL1_5', 'GL4_1', 'GL4_1&GL1_8']"
162,6,27,"['GL1_5', 'GL1_5', 'GL1_5', 'GL1_5', 'GL4_1', 'end_exp']"
162,6,27,"['GL1_5', 'GL1_5', 'GL1_5', 'GL1_5', 'GL4_1&GL1_8', 'end_exp']"
162,6,27,"['GL1_5', 'GL1_5', 'GL1_5', 'GL1_5', 'start_exp', 'GL4_1']"
162,6,27,"['GL1_5', 'GL1_5', 'GL1_5', 'GL4_1', 'GL4_1&GL1_8', 'end_exp']"
162,6,27,"['GL1_5', 'GL1_5', 'GL1_5', 'start_exp', 'GL1_4', 'GL1_5']"
162,6,27,"['GL1_5', 'GL1_5', 'GL1_5', 'start_exp', 'GL1_4', 'GL4_1']"
162,6,27,"['GL1_5', 'GL1_5', 'GL1_5', 'start_exp', 'GL1_4', 'end_exp']"
162,6,27,"['GL1_5', 'GL1_5', 'GL1_5', 'start_exp', 'GL1_5', 'GL4_1&GL1_8']"
162,6,27,"['GL1_5', 'GL1_5', 'GL1_5', 'start_exp', 'GL4_1', 'GL4_1&GL1_8']"
162,6,27,"['GL1_5', 'GL1_5', 'GL1_5', 'start_exp', 'GL4_1', 'end_exp']"
162,6,27,"['GL1_5', 'GL1_5', 'GL1_5', 'start_exp', 'GL4_1&GL1_8', 'end_exp']"
162,6,27,"['GL1_5', 'GL1_5', 'GL1_5', 'start_exp', 'start_exp', 'GL4_1']"
162,6,27,"['GL1_5', 'GL1_5', 'start_exp', 'GL1_4', 'GL1_5', 'GL4_1']"
162,6,27,"['GL1_5', 'GL1_5', 'start_exp', 'GL1_5', 'GL1_4', 'GL1_5']"
162,6,27,"['GL1_5', 'GL1_5', 'start_exp', 'GL1_5', 'GL1_4', 'end_exp']"
162,6,27,"['GL1_5', 'GL1_5', 'start_exp', 'GL1_5', 'GL1_5', 'GL4_1&GL1_8']"
162,6,27,"['GL1_5', 'GL1_5', 'start_exp', 'GL1_5', 'GL4_1', 'GL4_1&GL1_8']"
162,6,27,"['GL1_5', 'GL1_5', 'start_exp', 'GL1_5', 'GL4_1', 'end_exp']"
162,6,27,"['GL1_5', 'GL1_5', 'start_exp', 'GL1_5', 'GL4_1&GL1_8', 'end_exp']"
162,6,27,"['GL1_5', 'GL1_5', 'start_exp', 'GL1_5', 'start_exp', 'GL4_1']"
162,6,27,"['GL1_5', 'GL1_5', 'start_exp', 'GL4_1', 'GL4_1&GL1_8', 'end_exp']"
162,6,27,"['GL1_5', 'GL1_5', 'start_exp', 'start_exp', 'GL1_4', 'GL1_5']"
162,6,27,"['GL1_5', 'GL1_5', 'start_exp', 'start_exp', 'GL1_4', 'end_exp']"
162,6,27,"['GL1_5', 'GL1_5', 'start_exp', 'start_exp', 'GL1_5', 'GL1_4']"
162,6,27,"['GL1_5', 'GL1_5', 'start_exp', 'start_exp', 'GL1_5', 'GL4_1']"
162,6,27,"['GL1_5', 'GL1_5', 'start_exp', 'start_exp', 'start_exp', 'GL1_5']"
162,6,27,"['GL1_5', 'GL1_5', 'start_exp', 'start_exp', 'start_exp', 'end_exp']"
162,6,27,"['GL1_5', 'start_exp', 'GL1_5', 'GL1_5', 'GL1_4', 'GL1_5']"
162,6,27,"['GL1_5', 'start_exp', 'GL1_5', 'GL1_5', 'GL1_4', 'end_exp']"
162,6,27,"['GL1_5', 'start_exp', 'GL1_5', 'GL1_5', 'GL1_5', 'GL4_1']"
162,6,27,"['GL1_5', 'start_exp', 'GL1_5', 'GL1_5', 'GL4_1', 'GL4_1&GL1_8']"
162,6,27,"['GL1_5', 'start_exp', 'GL1_5', 'GL1_5', 'GL4_1', 'end_exp']"
162,6,27,"['GL1_5', 'start_exp', 'GL1_5', 'GL1_5', 'GL4_1&GL1_8', 'end_exp']"
162,6,27,"['GL1_5', 'start_exp', 'GL1_5', 'GL1_5', 'start_exp', 'GL4_1']"
162,6,27,"['GL1_5', 'start_exp', 'GL1_5', 'GL4_1', 'GL4_1&GL1_8', 'end_exp']"
162,6,27,"['GL1_5', 'start_exp', 'GL1_5', 'start_exp', 'GL1_4', 'GL1_5']"
162,6,27,"['GL1_5', 'start_exp', 'GL1_5', 'start_exp', 'GL1_4', 'end_exp']"
162,6,27,"['GL1_5', 'start_exp', 'GL1_5', 'start_exp', 'GL1_5', 'GL1_4']"
162,6,27,"['GL1_5', 'start_exp', 'GL1_5', 'start_exp', 'GL1_5', 'GL4_1']"
162,6,27,"['GL1_5', 'start_exp', 'GL1_5', 'start_exp', 'start_exp', 'end_exp']"
162,6,27,"['GL1_5', 'start_exp', 'start_exp', 'GL1_5', 'GL1_5', 'GL1_4']"
162,6,27,"['GL1_5', 'start_exp', 'start_exp', 'GL1_5', 'GL1_5', 'GL4_1']"
162,6,27,"['GL1_5', 'start_exp', 'start_exp', 'GL1_5', 'start_exp', 'end_exp']"
162,6,27,"['GL1_5', 'start_exp', 'start_exp', 'start_exp', 'GL1_5', 'end_exp']"
162,6,27,"['start_exp', 'GL1_4', 'GL1_5', 'GL1_5', 'GL1_5', 'end_exp']"
162,6,27,"['start_exp', 'GL1_4', 'GL1_5', 'GL1_5', 'start_exp', 'GL1_5']"
162,6,27,"['start_exp', 'GL1_4', 'GL1_5', 'GL1_5', 'start_exp', 'end_exp']"
162,6,27,"['start_exp', 'GL1_4', 'GL1_5', 'start_exp', 'GL1_5', 'end_exp']"
162,6,27,"['start_exp', 'GL1_5', 'GL1_4', 'GL1_5', 'GL1_5', 'GL1_5']"
162,6,27,"['start_exp', 'GL1_5', 'GL1_4', 'GL1_5', 'GL1_5', 'end_exp']"
162,6,27,"['start_exp', 'GL1_5', 'GL1_4', 'GL1_5', 'GL1_5', 'start_exp']"
162,6,27,"['start_exp', 'GL1_5', 'GL1_4', 'GL1_5', 'start_exp', 'GL1_5']"
162,6,27,"['start_exp', 'GL1_5', 'GL1_4', 'GL1_5', 'start_exp', 'end_exp']"
162,6,27,"['start_exp', 'GL1_5', 'GL1_4', 'start_exp', 'GL1_5', 'end_exp']"
162,6,27,"['start_exp', 'GL1_5', 'GL1_5', 'GL1_5', 'GL1_4', 'GL1_5']"
162,6,27,"['start_exp', 'GL1_5', 'GL1_5', 'GL1_5', 'GL1_4', 'end_exp']"
162,6,27,"['start_exp', 'GL1_5', 'GL1_5', 'GL1_5', 'GL1_5', 'GL4_1']"
162,6,27,"['start_exp', 'GL1_5', 'GL1_5', 'GL1_5', 'start_exp', 'GL4_1']"
162,6,27,"['start_exp', 'GL1_5', 'GL1_5', 'GL4_1', 'GL4_1&GL1_8', 'end_exp']"
162,6,27,"['start_exp', 'GL1_5', 'GL1_5', 'start_exp', 'GL1_4', 'GL1_5']"
162,6,27,"['start_exp', 'GL1_5', 'GL1_5', 'start_exp', 'GL1_4', 'end_exp']"
162,6,27,"['start_exp', 'GL1_5', 'GL1_5', 'start_exp', 'GL1_5', 'GL4_1']"
162,6,27,"['start_exp', 'GL1_5', 'GL1_5', 'start_exp', 'start_exp', 'GL4_1']"
162,6,27,"['start_exp', 'GL1_5', 'start_exp', 'GL1_5', 'GL1_4', 'GL1_5']"
162,6,27,"['start_exp', 'GL1_5', 'start_exp', 'GL1_5', 'GL1_4', 'end_exp']"
162,6,27,"['start_exp', 'GL1_5', 'start_exp', 'GL1_5', 'GL1_5', 'GL4_1']"
162,6,27,"['start_exp', 'GL1_5', 'start_exp', 'GL1_5', 'start_exp', 'GL4_1']"
162,6,27,"['start_exp', 'GL1_5', 'start_exp', 'start_exp', 'GL1_4', 'GL1_5']"
162,6,27,"['start_exp', 'GL1_5', 'start_exp', 'start_exp', 'GL1_4', 'end_exp']"
162,6,27,"['start_exp', 'GL1_5', 'start_exp', 'start_exp', 'start_exp', 'end_exp']"
140,5,28,"['GL1_5', 'GL1_5', 'GL1_5', 'GL1_5', 'GL1_4']"
140,5,28,"['GL1_5', 'GL1_5', 'GL1_5', 'GL1_5', 'GL1_5']"
140,5,28,"['GL1_5', 'GL1_5', 'GL1_5', 'GL1_5', 'GL4_1']"
140,5,28,"['GL1_5', 'GL1_5', 'GL1_5', 'GL1_5', 'end_exp']"
140,5,28,"['GL1_5', 'GL1_5', 'GL1_5', 'GL1_5', 'start_exp']"
140,5,28,"['GL1_5', 'GL1_5', 'GL1_5', 'start_exp', 'GL1_4']"
140,5,28,"['GL1_5', 'GL1_5', 'GL1_5', 'start_exp', 'GL1_5']"
140,5,28,"['GL1_5', 'GL1_5', 'GL1_5', 'start_exp', 'GL4_1']"
140,5,28,"['GL1_5', 'GL1_5', 'GL1_5', 'start_exp', 'end_exp']"
140,5,28,"['GL1_5', 'GL1_5', 'GL1_5', 'start_exp', 'start_exp']"
140,5,28,"['GL1_5', 'GL1_5', 'start_exp', 'GL1_5', 'GL1_4']"
140,5,28,"['GL1_5', 'GL1_5', 'start_exp', 'GL1_5', 'GL1_5']"
140,5,28,"['GL1_5', 'GL1_5', 'start_exp', 'GL1_5', 'GL4_1']"
140,5,28,"['GL1_5', 'GL1_5', 'start_exp', 'GL1_5', 'end_exp']"
140,5,28,"['GL1_5', 'GL1_5', 'start_exp', 'GL1_5', 'start_exp']"
140,5,28,"['GL1_5', 'GL1_5', 'start_exp', 'start_exp', 'GL1_4']"
140,5,28,"['GL1_5', 'GL1_5', 'start_exp', 'start_exp', 'GL1_5']"
140,5,28,"['GL1_5', 'GL1_5', 'start_exp', 'start_exp', 'end_exp']"
140,5,28,"['GL1_5', 'GL1_5', 'start_exp', 'start_exp', 'start_exp']"
140,5,28,"['GL1_5', 'start_exp', 'GL1_5', 'GL1_5', 'GL1_4']"
140,5,28,"['GL1_5', 'start_exp', 'GL1_5', 'GL1_5', 'GL1_5']"
140,5,28,"['GL1_5', 'start_exp', 'GL1_5', 'GL1_5', 'GL4_1']"
140,5,28,"['GL1_5', 'start_exp', 'GL1_5', 'GL1_5', 'end_exp']"
140,5,28,"['GL1_5', 'start_exp', 'GL1_5', 'GL1_5', 'start_exp']"
140,5,28,"['GL1_5', 'start_exp', 'GL1_5', 'start_exp', 'GL1_4']"
140,5,28,"['GL1_5', 'start_exp', 'GL1_5', 'start_exp', 'GL1_5']"
140,5,28,"['GL1_5', 'start_exp', 'GL1_5', 'start_exp', 'end_exp']"
140,5,28,"['GL1_5', 'start_exp', 'GL1_5', 'start_exp', 'start_exp']"
140,5,28,"['GL1_5', 'start_exp', 'start_exp', 'GL1_5', 'GL1_5']"
140,5,28,"['GL1_5', 'start_exp', 'start_exp', 'GL1_5', 'end_exp']"
140,5,28,"['GL1_5', 'start_exp', 'start_exp', 'GL1_5', 'start_exp']"
140,5,28,"['GL1_5', 'start_exp', 'start_exp', 'start_exp', 'GL1_5']"
140,5,28,"['start_exp', 'GL1_5', 'GL1_5', 'GL1_5', 'GL1_4']"
140,5,28,"['start_exp', 'GL1_5', 'GL1_5', 'GL1_5', 'GL1_5']"
140,5,28,"['start_exp', 'GL1_5', 'GL1_5', 'GL1_5', 'end_exp']"
140,5,28,"['start_exp', 'GL1_5', 'GL1_5', 'GL1_5', 'start_exp']"
140,5,28,"['start_exp', 'GL1_5', 'GL1_5', 'start_exp', 'GL1_4']"
140,5,28,"['start_exp', 'GL1_5', 'GL1_5', 'start_exp', 'GL1_5']"
140,5,28,"['start_exp', 'GL1_5', 'GL1_5', 'start_exp', 'end_exp']"
140,5,28,"['start_exp', 'GL1_5', 'GL1_5', 'start_exp', 'start_exp']"
140,5,28,"['start_exp', 'GL1_5', 'start_exp', 'GL1_5', 'GL1_4']"
140,5,28,"['start_exp', 'GL1_5', 'start_exp', 'GL1_5', 'GL1_5']"
140,5,28,"['start_exp', 'GL1_5', 'start_exp', 'GL1_5', 'end_exp']"
140,5,28,"['start_exp', 'GL1_5', 'start_exp', 'GL1_5', 'start_exp']"
140,5,28,"['start_exp', 'GL1_5', 'start_exp', 'start_exp', 'GL1_4']"
140,5,28,"['start_exp', 'GL1_5', 'start_exp', 'start_exp', 'GL1_5']"
140,5,28,"['start_exp', 'GL1_5', 'start_exp', 'start_exp', 'end_exp']"
140,5,28,"['start_exp', 'GL1_5', 'start_exp', 'start_exp', 'start_exp']"
140,5,28,"['start_exp', 'start_exp', 'GL1_5', 'GL1_5', 'GL1_4']"
140,5,28,"['start_exp', 'start_exp', 'GL1_5', 'GL1_5', 'GL1_5']"
140,5,28,"['start_exp', 'start_exp', 'GL1_5', 'GL1_5', 'end_exp']"
140,5,28,"['start_exp', 'start_exp', 'GL1_5', 'GL1_5', 'start_exp']"
140,5,28,"['start_exp', 'start_exp', 'GL1_5', 'start_exp', 'GL1_4']"
140,5,28,"['start_exp', 'start_exp', 'GL1_5', 'start_exp', 'GL1_5']"
140,5,28,"['start_exp', 'start_exp', 'GL1_5', 'start_exp', 'end_exp']"
140,5,28,"['start_exp', 'start_exp', 'GL1_5', 'start_exp', 'start_exp']"
140,5,28,"['start_exp', 'start_exp', 'start_exp', 'GL1_5', 'GL1_4']"
140,5,28,"['start_exp', 'start_exp', 'start_exp', 'GL1_5', 'GL1_5']"
140,5,28,"['start_exp', 'start_exp', 'start_exp', 'GL1_5', 'end_exp']"
140,5,28,"['start_exp', 'start_exp', 'start_exp', 'GL1_5', 'start_exp']"
140,5,28,"['start_exp', 'start_exp', 'start_exp', 'start_exp', 'GL1_5']"
135,5,27,"['GL1_5', 'GL1_5', 'GL1_5', 'GL1_5', 'GL4_1&GL1_8']"
135,5,27,"['GL1_5', 'GL1_5', 'GL1_5', 'GL4_1', 'GL4_1&GL1_8']"
135,5,27,"['GL1_5', 'GL1_5', 'GL1_5', 'GL4_1', 'end_exp']"
135,5,27,"['GL1_5', 'GL1_5', 'GL1_5', 'GL4_1&GL1_8', 'end_exp']"
135,5,27,"['GL1_5', 'GL1_5', 'GL1_5', 'start_exp', 'GL4_1&GL1_8']"
135,5,27,"['GL1_5', 'GL1_5', 'GL4_1', 'GL4_1&GL1_8', 'end_exp']"
135,5,27,"['GL1_5', 'GL1_5', 'start_exp', 'GL1_4', 'GL1_5']"
135,5,27,"['GL1_5', 'GL1_5', 'start_exp', 'GL1_4', 'GL4_1']"
135,5,27,"['GL1_5', 'GL1_5', 'start_exp', 'GL1_4', 'end_exp']"
135,5,27,"['GL1_5', 'GL1_5', 'start_exp', 'GL1_5', 'GL4_1&GL1_8']"
135,5,27,"['GL1_5', 'GL1_5', 'start_exp', 'GL4_1', 'GL4_1&GL1_8']"
135,5,27,"['GL1_5', 'GL1_5', 'start_exp', 'GL4_1', 'end_exp']"
135,5,27,"['GL1_5', 'GL1_5', 'start_exp', 'GL4_1&GL1_8', 'end_exp']"
135,5,27,"['GL1_5', 'GL1_5', 'start_exp', 'start_exp', 'GL4_1']"
135,5,27,"['GL1_5', 'start_exp', 'GL1_4', 'GL1_5', 'GL4_1']"
135,5,27,"['GL1_5', 'start_exp', 'GL1_5', 'GL1_4', 'GL1_5']"
135,5,27,"['GL1_5', 'start_exp', 'GL1_5', 'GL1_4', 'end_exp']"
135,5,27,"['GL1_5', 'start_exp', 'GL1_5', 'GL1_5', 'GL4_1&GL1_8']"
135,5,27,"['GL1_5', 'start_exp', 'GL1_5', 'GL4_1', 'GL4_1&GL1_8']"
135,5,27,"['GL1_5', 'start_exp', 'GL1_5', 'GL4_1', 'end_exp']"
135,5,27,"['GL1_5', 'start_exp', 'GL1_5', 'GL4_1&GL1_8', 'end_exp']"
135,5,27,"['GL1_5', 'start_exp', 'GL1_5', 'start_exp', 'GL4_1']"
135,5,27,"['GL1_5', 'start_exp', 'GL4_1', 'GL4_1&GL1_8', 'end_exp']"
135,5,27,"['GL1_5', 'start_exp', 'start_exp', 'GL1_4', 'GL1_5']"
135,5,27,"['GL1_5', 'start_exp', 'start_exp', 'GL1_4', 'end_exp']"
135,5,27,"['GL1_5', 'start_exp', 'start_exp', 'GL1_5', 'GL1_4']"
135,5,27,"['GL1_5', 'start_exp', 'start_exp', 'GL1_5', 'GL4_1']"
135,5,27,"['GL1_5', 'start_exp', 'start_exp', 'start_exp', 'end_exp']"
135,5,27,"['start_exp', 'GL1_4', 'GL1_5', 'GL1_5', 'GL1_5']"
135,5,27,"['start_exp', 'GL1_4', 'GL1_5', 'GL1_5', 'GL4_1']"
135,5,27,"['start_exp', 'GL1_4', 'GL1_5', 'GL1_5', 'end_exp']"
135,5,27,"['start_exp', 'GL1_4', 'GL1_5', 'GL1_5', 'start_exp']"
135,5,27,"['start_exp', 'GL1_4', 'GL1_5', 'start_exp', 'GL1_5']"
135,5,27,"['start_exp', 'GL1_4', 'GL1_5', 'start_exp', 'end_exp']"
135,5,27,"['start_exp', 'GL1_4', 'start_exp', 'GL1_5', 'end_exp']"
135,5,27,"['start_exp', 'GL1_5', 'GL1_4', 'GL1_5', 'GL1_5']"
135,5,27,"['start_exp', 'GL1_5', 'GL1_4', 'GL1_5', 'end_exp']"
135,5,27,"['start_exp', 'GL1_5', 'GL1_4', 'GL1_5', 'start_exp']"
135,5,27,"['start_exp', 'GL1_5', 'GL1_4', 'start_exp', 'GL1_5']"
135,5,27,"['start_exp', 'GL1_5', 'GL1_4', 'start_exp', 'end_exp']"
135,5,27,"['start_exp', 'GL1_5', 'GL1_5', 'GL1_4', 'GL1_5']"
135,5,27,"['start_exp', 'GL1_5', 'GL1_5', 'GL1_4', 'end_exp']"
135,5,27,"['start_exp', 'GL1_5', 'GL1_5', 'GL1_5', 'GL4_1']"
135,5,27,"['start_exp', 'GL1_5', 'GL1_5', 'GL4_1', 'GL4_1&GL1_8']"
135,5,27,"['start_exp', 'GL1_5', 'GL1_5', 'GL4_1', 'end_exp']"
135,5,27,"['start_exp', 'GL1_5', 'GL1_5', 'GL4_1&GL1_8', 'end_exp']"
135,5,27,"['start_exp', 'GL1_5', 'GL1_5', 'start_exp', 'GL4_1']"
135,5,27,"['start_exp', 'GL1_5', 'start_exp', 'GL1_4', 'GL1_5']"
135,5,27,"['start_exp', 'GL1_5', 'start_exp', 'GL1_4', 'end_exp']"
135,5,27,"['start_exp', 'GL1_5', 'start_exp', 'GL1_5', 'GL4_1']"
112,4,28,"['GL1_5', 'GL1_5', 'GL1_5', 'GL1_4']"
112,4,28,"['GL1_5', 'GL1_5', 'GL1_5', 'GL1_5']"
112,4,28,"['GL1_5', 'GL1_5', 'GL1_5', 'GL4_1']"
112,4,28,"['GL1_5', 'GL1_5', 'GL1_5', 'end_exp']"
112,4,28,"['GL1_5', 'GL1_5', 'GL1_5', 'start_exp']"
112,4,28,"['GL1_5', 'GL1_5', 'start_exp', 'GL1_4']"
112,4,28,"['GL1_5', 'GL1_5', 'start_exp', 'GL1_5']"
112,4,28,"['GL1_5', 'GL1_5', 'start_exp', 'GL4_1']"
112,4,28,"['GL1_5', 'GL1_5', 'start_exp', 'end_exp']"
112,4,28,"['GL1_5', 'GL1_5', 'start_exp', 'start_exp']"
112,4,28,"['GL1_5', 'start_exp', 'GL1_5', 'GL1_4']"
112,4,28,"['GL1_5', 'start_exp', 'GL1_5', 'GL1_5']"
112,4,28,"['GL1_5', 'start_exp', 'GL1_5', 'GL4_1']"
112,4,28,"['GL1_5', 'start_exp', 'GL1_5', 'end_exp']"
112,4,28,"['GL1_5', 'start_exp', 'GL1_5', 'start_exp']"
112,4,28,"['GL1_5', 'start_exp', 'start_exp', 'GL1_4']"
112,4,28,"['GL1_5', 'start_exp', 'start_exp', 'GL1_5']"
112,4,28,"['GL1_5', 'start_exp', 'start_exp', 'end_exp']"
112,4,28,"['GL1_5', 'start_exp', 'start_exp', 'start_exp']"
112,4,28,"['start_exp', 'GL1_5', 'GL1_4', 'end_exp']"
112,4,28,"['start_exp', 'GL1_5', 'GL1_5', 'GL1_4']"
112,4,28,"['start_exp', 'GL1_5', 'GL1_5', 'GL1_5']"
112,4,28,"['start_exp', 'GL1_5', 'GL1_5', 'GL4_1']"
112,4,28,"['start_exp', 'GL1_5', 'GL1_5', 'end_exp']"
112,4,28,"['start_exp', 'GL1_5', 'GL1_5', 'start_exp']"
112,4,28,"['start_exp', 'GL1_5', 'start_exp', 'GL1_4']"
112,4,28,"['start_exp', 'GL1_5', 'start_exp', 'GL1_5']"
112,4,28,"['start_exp', 'GL1_5', 'start_exp', 'end_exp']"
112,4,28,"['start_exp', 'GL1_5', 'start_exp', 'start_exp']"
112,4,28,"['start_exp', 'start_exp', 'GL1_5', 'GL1_4']"
112,4,28,"['start_exp', 'start_exp', 'GL1_5', 'GL1_5']"
112,4,28,"['start_exp', 'start_exp', 'GL1_5', 'end_exp']"
112,4,28,"['start_exp', 'start_exp', 'GL1_5', 'start_exp']"
112,4,28,"['start_exp', 'start_exp', 'start_exp', 'GL1_4']"
112,4,28,"['start_exp', 'start_exp', 'start_exp', 'GL1_5']"
112,4,28,"['start_exp', 'start_exp', 'start_exp', 'end_exp']"
112,4,28,"['start_exp', 'start_exp', 'start_exp', 'start_exp']"
108,4,27,"['GL1_5', 'GL1_5', 'GL1_5', 'GL4_1&GL1_8']"
108,4,27,"['GL1_5', 'GL1_5', 'GL4_1', 'GL4_1&GL1_8']"
108,4,27,"['GL1_5', 'GL1_5', 'GL4_1', 'end_exp']"
108,4,27,"['GL1_5', 'GL1_5', 'GL4_1&GL1_8', 'end_exp']"
108,4,27,"['GL1_5', 'GL1_5', 'start_exp', 'GL4_1&GL1_8']"
108,4,27,"['GL1_5', 'GL4_1', 'GL4_1&GL1_8', 'end_exp']"
108,4,27,"['GL1_5', 'start_exp', 'GL1_4', 'GL1_5']"
108,4,27,"['GL1_5', 'start_exp', 'GL1_4', 'GL4_1']"
108,4,27,"['GL1_5', 'start_exp', 'GL1_4', 'end_exp']"
108,4,27,"['GL1_5', 'start_exp', 'GL1_5', 'GL4_1&GL1_8']"
108,4,27,"['GL1_5', 'start_exp', 'GL4_1', 'GL4_1&GL1_8']"
108,4,27,"['GL1_5', 'start_exp', 'GL4_1', 'end_exp']"
108,4,27,"['GL1_5', 'start_exp', 'GL4_1&GL1_8', 'end_exp']"
108,4,27,"['GL1_5', 'start_exp', 'start_exp', 'GL4_1']"
108,4,27,"['start_exp', 'GL1_4', 'GL1_5', 'GL1_5']"
108,4,27,"['start_exp', 'GL1_4', 'GL1_5', 'GL4_1']"
108,4,27,"['start_exp', 'GL1_4', 'GL1_5', 'end_exp']"
108,4,27,"['start_exp', 'GL1_4', 'GL1_5', 'start_exp']"
108,4,27,"['start_exp', 'GL1_4', 'start_exp', 'GL1_5']"
108,4,27,"['start_exp', 'GL1_4', 'start_exp', 'end_exp']"
108,4,27,"['start_exp', 'GL1_5', 'GL1_4', 'GL1_5']"
108,4,27,"['start_exp', 'GL1_5', 'GL1_4', 'start_exp']"
108,4,27,"['start_exp', 'GL1_5', 'GL1_5', 'GL4_1&GL1_8']"
84,3,28,"['GL1_5', 'GL1_4', 'end_exp']"
84,3,28,"['GL1_5', 'GL1_5', 'GL1_4']"
84,3,28,"['GL1_5', 'GL1_5', 'GL1_5']"
84,3,28,"['GL1_5', 'GL1_5', 'GL4_1']"
84,3,28,"['GL1_5', 'GL1_5', 'end_exp']"
84,3,28,"['GL1_5', 'GL1_5', 'start_exp']"
84,3,28,"['GL1_5', 'start_exp', 'GL1_4']"
84,3,28,"['GL1_5', 'start_exp', 'GL1_5']"
84,3,28,"['GL1_5', 'start_exp', 'GL4_1']"
84,3,28,"['GL1_5', 'start_exp', 'end_exp']"
84,3,28,"['GL1_5', 'start_exp', 'start_exp']"
84,3,28,"['start_exp', 'GL1_4', 'end_exp']"
84,3,28,"['start_exp', 'GL1_5', 'GL1_4']"
84,3,28,"['start_exp', 'GL1_5', 'GL1_5']"
84,3,28,"['start_exp', 'GL1_5', 'GL4_1']"
84,3,28,"['start_exp', 'GL1_5', 'end_exp']"
84,3,28,"['start_exp', 'GL1_5', 'start_exp']"
84,3,28,"['start_exp', 'start_exp', 'GL1_4']"
84,3,28,"['start_exp', 'start_exp', 'GL1_5']"
84,3,28,"['start_exp', 'start_exp', 'end_exp']"
84,3,28,"['start_exp', 'start_exp', 'start_exp']"
81,3,27,"['GL1_5', 'GL1_5', 'GL4_1&GL1_8']"
81,3,27,"['GL1_5', 'GL4_1', 'GL4_1&GL1_8']"
81,3,27,"['GL1_5', 'GL4_1', 'end_exp']"
81,3,27,"['GL1_5', 'GL4_1&GL1_8', 'end_exp']"
81,3,27,"['GL1_5', 'start_exp', 'GL4_1&GL1_8']"
81,3,27,"['start_exp', 'GL1_4', 'GL1_5']"
81,3,27,"['start_exp', 'GL1_4', 'GL4_1']"
81,3,27,"['start_exp', 'GL1_4', 'start_exp']"
56,2,28,"['GL1_4', 'end_exp']"
56,2,28,"['GL1_5', 'GL1_4']"
56,2,28,"['GL1_5', 'GL1_5']"
56,2,28,"['GL1_5', 'GL4_1']"
56,2,28,"['GL1_5', 'end_exp']"
56,2,28,"['GL1_5', 'start_exp']"
56,2,28,"['start_exp', 'GL1_4']"
56,2,28,"['start_exp', 'GL1_5']"
56,2,28,"['start_exp', 'GL4_1']"
56,2,28,"['start_exp', 'end_exp']"
56,2,28,"['start_exp', 'start_exp']"
54,2,27,"['GL1_5', 'GL4_1&GL1_8']"
28,1,28,['GL1_4']
28,1,28,['GL1_5']
28,1,28,['GL4_1']
28,1,28,['end_exp']
28,1,28,['start_exp']
